,Returned,Order ID,Region
0,Yes,IN-2017-CA120551-42816,Southern Asia
1,Yes,IN-2017-AA103751-42926,Southern Asia
2,Yes,IN-2017-TS212051-42904,Southern Asia
3,Yes,AG-2014-RO97803-41695,North Africa
4,Yes,AG-2015-LC70503-42265,North Africa
5,Yes,AG-2014-DB32103-41987,North Africa
6,Yes,AG-2017-AC4203-42796,North Africa
7,Yes,AG-2017-RD96603-43073,North Africa
8,Yes,AG-2015-CP23403-42152,North Africa
9,Yes,AG-2016-HF49953-42437,North Africa
10,Yes,AG-2015-CC24303-42247,North Africa
11,Yes,AG-2017-MO78003-42948,North Africa
12,Yes,AO-2017-BE14554-42954,Central Africa
13,Yes,AO-2017-GM45004-42996,Central Africa
14,Yes,AO-2016-IG50854-42668,Central Africa
15,Yes,US-2017-SR204255-42937,South America
16,Yes,US-2014-JP155205-41883,South America
17,Yes,MX-2016-LC171405-42457,South America
18,Yes,US-2016-JK152055-42585,South America
19,Yes,US-2014-JC153405-41897,South America
20,Yes,US-2017-CA119655-43061,South America
21,Yes,US-2016-AJ109455-42595,South America
22,Yes,US-2016-NB185805-42648,South America
23,Yes,US-2017-MC181305-43049,South America
24,Yes,US-2017-AA106455-43045,South America
25,Yes,US-2016-JB160005-42392,South America
26,Yes,US-2016-JB160005-42392,South America
27,Yes,US-2015-EA140355-42162,South America
28,Yes,US-2017-LL168405-42939,South America
29,Yes,US-2017-EH141855-43033,South America
30,Yes,MX-2014-AF108855-41725,South America
31,Yes,US-2014-KE164205-41911,South America
32,Yes,IN-2015-EH140057-42051,Oceania
33,Yes,ID-2015-JE157157-42132,Oceania
34,Yes,ID-2015-RW195407-42317,Oceania
35,Yes,ID-2017-TZ214457-42773,Oceania
36,Yes,IN-2016-CR126257-42659,Oceania
37,Yes,ID-2016-EH137657-42506,Oceania
38,Yes,ID-2017-MG176957-42995,Oceania
39,Yes,ID-2017-KL166457-42933,Oceania
40,Yes,ID-2016-BD116207-42522,Oceania
41,Yes,IN-2017-NS186407-42856,Oceania
42,Yes,IN-2015-SW207557-42232,Oceania
43,Yes,IN-2017-EM139607-42861,Oceania
44,Yes,IN-2014-SC206807-41875,Oceania
45,Yes,ID-2015-DP131057-42280,Oceania
46,Yes,IN-2016-CC124757-42444,Oceania
47,Yes,IN-2016-SF202007-42527,Oceania
48,Yes,ID-2014-PW190307-41854,Oceania
49,Yes,IN-2017-CR125807-42968,Oceania
50,Yes,IN-2014-BP112907-41877,Oceania
51,Yes,IN-2014-PG188207-41996,Oceania
52,Yes,IN-2017-DM130157-43078,Oceania
53,Yes,IN-2017-BE114557-42811,Oceania
54,Yes,IN-2016-SG206057-42444,Oceania
55,Yes,ID-2016-GT147107-42734,Oceania
56,Yes,IN-2014-TC215357-41900,Oceania
57,Yes,IN-2017-DJ135107-42738,Oceania
58,Yes,IN-2016-OT187307-42675,Oceania
59,Yes,IN-2014-TS211607-41909,Oceania
60,Yes,IN-2016-DL133307-42545,Oceania
61,Yes,ID-2017-CJ118757-42792,Oceania
62,Yes,ID-2017-CJ118757-42792,Oceania
63,Yes,IN-2014-AH100757-41918,Oceania
64,Yes,IN-2015-CC126107-42271,Oceania
65,Yes,IN-2017-TC209807-42871,Oceania
66,Yes,IN-2016-PJ190157-42618,Oceania
67,Yes,IN-2014-ML180407-41688,Oceania
68,Yes,IN-2016-SC208457-42499,Oceania
69,Yes,IN-2017-TZ215807-42855,Oceania
70,Yes,IN-2014-JM161957-41924,Oceania
71,Yes,ID-2017-BM117857-42862,Oceania
72,Yes,IN-2014-BS117557-41839,Oceania
73,Yes,ID-2014-SS208757-41661,Oceania
74,Yes,ID-2016-BM117857-42399,Oceania
75,Yes,ID-2017-PS190457-43011,Oceania
76,Yes,ID-2015-JC161057-42261,Oceania
77,Yes,IN-2017-DP131057-43002,Oceania
78,Yes,ID-2017-KC166757-42799,Oceania
79,Yes,IN-2014-RR193157-41811,Oceania
80,Yes,IN-2014-SG206057-41708,Oceania
81,Yes,IN-2015-TP214157-42033,Oceania
82,Yes,ID-2017-ME177257-42812,Oceania
83,Yes,IN-2014-DB136607-41937,Oceania
84,Yes,ID-2016-MJ177407-42679,Oceania
85,Yes,ID-2016-TS216107-42619,Oceania
86,Yes,ID-2016-ML177557-42506,Oceania
87,Yes,IN-2015-CS121757-42124,Oceania
88,Yes,IN-2016-NM185207-42665,Oceania
89,Yes,ID-2016-TN210407-42665,Oceania
90,Yes,IN-2015-MH180257-42173,Oceania
91,Yes,IN-2015-RD198107-42166,Oceania
92,Yes,IN-2014-DW135857-41791,Oceania
93,Yes,IN-2016-HG149657-42595,Oceania
94,Yes,IN-2015-MD178607-42232,Oceania
95,Yes,IN-2017-LS172307-42974,Oceania
96,Yes,IN-2014-AG103007-41844,Oceania
97,Yes,IN-2017-MG176807-43064,Oceania
98,Yes,IN-2017-AG103907-42860,Oceania
99,Yes,IN-2014-LE168107-41932,Oceania
100,Yes,IN-2016-BW110657-42694,Oceania
101,Yes,IN-2015-RW195407-42303,Oceania
102,Yes,ID-2016-BK112607-42518,Oceania
103,Yes,IN-2016-ML177557-42653,Oceania
104,Yes,IN-2014-HD147857-41895,Oceania
105,Yes,IN-2017-ME177257-42746,Oceania
106,Yes,IN-2017-PN187757-42834,Oceania
107,Yes,ID-2016-SA208307-42399,Oceania
108,Yes,ID-2017-CC126107-42814,Oceania
109,Yes,IN-2015-LO171707-42321,Oceania
110,Yes,IN-2017-MH177857-42923,Oceania
111,Yes,IN-2014-PJ188357-41932,Oceania
112,Yes,ID-2017-KT164657-43003,Oceania
113,Yes,IN-2016-CC121457-42664,Oceania
114,Yes,IN-2016-Dl136007-42734,Oceania
115,Yes,IN-2016-TG216407-42387,Oceania
116,Yes,IN-2014-LP170807-41777,Oceania
117,Yes,IN-2017-CC126107-42868,Oceania
118,Yes,IN-2017-KW164357-43059,Oceania
119,Yes,IN-2016-RO197807-42531,Oceania
120,Yes,IN-2015-HF149957-42062,Oceania
121,Yes,ID-2015-AG106757-42330,Oceania
122,Yes,ID-2017-DL129257-43043,Oceania
123,Yes,ID-2015-SC205757-42044,Oceania
124,Yes,IN-2017-BE113357-43004,Oceania
125,Yes,IN-2014-TT212657-41767,Oceania
126,Yes,IN-2016-LP170807-42548,Oceania
127,Yes,ID-2014-VM218357-41656,Oceania
128,Yes,IN-2017-RE194057-43072,Oceania
129,Yes,ID-2016-MG178757-42626,Oceania
130,Yes,IN-2016-AR108257-42722,Oceania
131,Yes,IN-2017-KN164507-43063,Oceania
132,Yes,IN-2017-LR170357-43044,Oceania
133,Yes,ID-2016-CC124307-42721,Oceania
134,Yes,IN-2016-GM146807-42622,Oceania
135,Yes,IN-2015-SO203357-42243,Oceania
136,Yes,ID-2016-AZ107507-42643,Oceania
137,Yes,ID-2015-IM150707-42230,Oceania
138,Yes,IN-2014-DV130457-41867,Oceania
139,Yes,ID-2016-SW207557-42513,Oceania
140,Yes,IN-2015-BW111107-42015,Oceania
141,Yes,IN-2017-TP211307-42904,Oceania
142,Yes,IN-2015-LH169007-42121,Oceania
143,Yes,IN-2015-CC122207-42146,Oceania
144,Yes,ES-2017-DL133158-43051,Western Europe
145,Yes,ES-2017-SJ202158-43000,Western Europe
146,Yes,ES-2014-JK156408-41991,Western Europe
147,Yes,ES-2017-CM119358-43026,Western Europe
148,Yes,AU-2017-PF91208-42912,Western Europe
149,Yes,AU-2016-AC6158-42639,Western Europe
150,Yes,ES-2017-TB211758-42907,Western Europe
151,Yes,ES-2016-JE161658-42717,Western Europe
152,Yes,ES-2017-TB211758-42907,Western Europe
153,Yes,ES-2014-KD166158-41931,Western Europe
154,Yes,ES-2016-KM167208-42440,Western Europe
155,Yes,ES-2015-RA198858-42028,Western Europe
156,Yes,ES-2015-BE114558-42120,Western Europe
157,Yes,AJ-2017-DJ34209-43099,Western Asia
158,Yes,AJ-2017-LW68259-43031,Western Asia
159,Yes,AJ-2017-SH99759-42994,Western Asia
160,Yes,IN-2014-SP2062011-41992,Southern Asia
161,Yes,IN-2014-SP2062011-41992,Southern Asia
162,Yes,IN-2015-LD1700511-42104,Southern Asia
163,Yes,IN-2017-NZ1856511-42827,Southern Asia
164,Yes,IN-2014-EH1399011-41782,Southern Asia
165,Yes,IN-2017-CS1246011-42805,Southern Asia
166,Yes,IN-2015-ZD2192511-42345,Southern Asia
167,Yes,IN-2017-MT1781511-42953,Southern Asia
168,Yes,IN-2014-PO1886511-41671,Southern Asia
169,Yes,IN-2016-AS1022511-42603,Southern Asia
170,Yes,IN-2015-CC1222011-42138,Southern Asia
171,Yes,BO-2017-DB291013-42745,Eastern Europe
172,Yes,BO-2017-DB291013-42745,Eastern Europe
173,Yes,BO-2015-LC714013-42352,Eastern Europe
174,Yes,BO-2017-KA652513-43007,Eastern Europe
175,Yes,ES-2017-JD1589514-42958,Western Europe
176,Yes,ES-2016-BE1133514-42617,Western Europe
177,Yes,ES-2015-RD1958514-42369,Western Europe
178,Yes,ES-2016-QJ1925514-42727,Western Europe
179,Yes,ES-2016-MH1744014-42395,Western Europe
180,Yes,ES-2015-JJ1544514-42330,Western Europe
181,Yes,ES-2017-BS1138014-43007,Western Europe
182,Yes,BN-2016-KD649515-42702,Western Africa
183,Yes,MX-2017-RB1957016-43064,South America
184,Yes,BK-2014-EB375017-41974,Southern Europe
185,Yes,MX-2017-CS1213018-43016,South America
186,Yes,MX-2017-MM1792018-42871,South America
187,Yes,US-2014-AH1019518-41696,South America
188,Yes,US-2014-AH1019518-41696,South America
189,Yes,US-2016-RS1987018-42689,South America
190,Yes,US-2015-AS1024018-42121,South America
191,Yes,US-2016-LH1675018-42436,South America
192,Yes,US-2016-JL1585018-42717,South America
193,Yes,MX-2017-VG2180518-42996,South America
194,Yes,US-2015-BH1171018-42206,South America
195,Yes,MX-2017-ZC2191018-42990,South America
196,Yes,MX-2017-ZC2191018-42990,South America
197,Yes,MX-2014-GK1462018-41951,South America
198,Yes,MX-2015-NP1870018-42337,South America
199,Yes,US-2015-SG2060518-42286,South America
200,Yes,MX-2015-BD1156018-42302,South America
201,Yes,MX-2014-BG1103518-41993,South America
202,Yes,MX-2017-BW1106518-42983,South America
203,Yes,MX-2017-TB2135518-43001,South America
204,Yes,MX-2015-MC1727518-42138,South America
205,Yes,MX-2015-BG1174018-42223,South America
206,Yes,MX-2015-MM1805518-42343,South America
207,Yes,MX-2015-NK1849018-42145,South America
208,Yes,MX-2017-SP2065018-43044,South America
209,Yes,US-2015-MH1762018-42342,South America
210,Yes,MX-2014-CJ1187518-41926,South America
211,Yes,MX-2015-LW1721518-42341,South America
212,Yes,MX-2014-KT1646518-41806,South America
213,Yes,MX-2017-BP1105018-43001,South America
214,Yes,MX-2015-MG1820518-42177,South America
215,Yes,MX-2017-HF1499518-42934,South America
216,Yes,US-2017-DJ1351018-42937,South America
217,Yes,MX-2017-GM1450018-42867,South America
218,Yes,MX-2015-MW1822018-42253,South America
219,Yes,MX-2015-AG1027018-42047,South America
220,Yes,MX-2017-BS1180018-42892,South America
221,Yes,MX-2017-JM1558018-42981,South America
222,Yes,US-2015-KW1657018-42292,South America
223,Yes,MX-2017-AR1057018-43098,South America
224,Yes,MX-2015-MC1810018-42159,South America
225,Yes,MX-2016-AG1033018-42552,South America
226,Yes,MX-2017-KC1625518-43012,South America
227,Yes,US-2014-RP1939018-41668,South America
228,Yes,MX-2016-TS2134018-42687,South America
229,Yes,MX-2017-TH2155018-42979,South America
230,Yes,MX-2015-DV1346518-42335,South America
231,Yes,MX-2015-ES1408018-42349,South America
232,Yes,MX-2015-MP1747018-42293,South America
233,Yes,MX-2016-KF1628518-42622,South America
234,Yes,MX-2016-PF1922518-42697,South America
235,Yes,MX-2015-AC1042018-42306,South America
236,Yes,MX-2016-EH1376518-42559,South America
237,Yes,BU-2016-PC874519-42685,Eastern Europe
238,Yes,BU-2015-JO528019-42156,Eastern Europe
239,Yes,BU-2017-DP310519-42924,Eastern Europe
240,Yes,CM-2015-EM406522-42266,Central Africa
241,Yes,CM-2016-AS28522-42377,Central Africa
242,Yes,CM-2017-LB673522-42963,Central Africa
243,Yes,CM-2015-MC759022-42226,Central Africa
244,Yes,CA-2016-JF529523-42588,Canada
245,Yes,CA-2014-MK790523-41658,Canada
246,Yes,CA-2014-NC862523-41944,Canada
247,Yes,CA-2016-DW348023-42606,Canada
248,Yes,CA-2016-DB291023-42602,Canada
249,Yes,CA-2017-TG1164023-43070,Canada
250,Yes,CA-2017-ME772523-42777,Canada
251,Yes,CA-2016-DM295523-42391,Canada
252,Yes,CA-2017-JD589523-43028,Canada
253,Yes,CA-2016-NW840023-42422,Canada
254,Yes,CA-2015-JL513023-42157,Canada
255,Yes,CA-2014-TP1141523-41698,Canada
256,Yes,CT-2017-JE616524-42837,Central Africa
257,Yes,MX-2015-SE2011026-42318,South America
258,Yes,MX-2016-BT1130526-42695,South America
259,Yes,MX-2016-BT1130526-42695,South America
260,Yes,MX-2016-BT1130526-42695,South America
261,Yes,MX-2015-BW1120026-42238,South America
262,Yes,MX-2016-MW1823526-42604,South America
263,Yes,MX-2015-BW1120026-42238,South America
264,Yes,MX-2016-JL1550526-42714,South America
265,Yes,MX-2016-FM1438026-42622,South America
266,Yes,IN-2014-CD1198027-41925,Eastern Asia
267,Yes,IN-2014-TS2143027-41995,Eastern Asia
268,Yes,IN-2017-IG1508527-43087,Eastern Asia
269,Yes,IN-2017-EH1400527-43007,Eastern Asia
270,Yes,IN-2017-MM1726027-43022,Eastern Asia
271,Yes,IN-2015-JB1540027-42129,Eastern Asia
272,Yes,IN-2017-AB1025527-42813,Eastern Asia
273,Yes,IN-2017-SJ2021527-42913,Eastern Asia
274,Yes,IN-2017-FO1430527-42807,Eastern Asia
275,Yes,IN-2016-KD1627027-42666,Eastern Asia
276,Yes,IN-2016-JW1595527-42720,Eastern Asia
277,Yes,IN-2016-VW2177527-42717,Eastern Asia
278,Yes,IN-2016-FH1435027-42702,Eastern Asia
279,Yes,IN-2017-KD1649527-43054,Eastern Asia
280,Yes,IN-2016-DC1285027-42724,Eastern Asia
281,Yes,IN-2015-TS2137027-42317,Eastern Asia
282,Yes,IN-2015-NC1834027-42364,Eastern Asia
283,Yes,IN-2014-CA1226527-41880,Eastern Asia
284,Yes,IN-2015-SW2075527-42260,Eastern Asia
285,Yes,IN-2016-KM1666027-42730,Eastern Asia
286,Yes,IN-2015-KC1625527-42094,Eastern Asia
287,Yes,IN-2014-PL1892527-41958,Eastern Asia
288,Yes,IN-2014-PL1892527-41958,Eastern Asia
289,Yes,IN-2017-AH1058527-42758,Eastern Asia
290,Yes,IN-2017-JL1523527-43053,Eastern Asia
291,Yes,IN-2014-NF1847527-41947,Eastern Asia
292,Yes,IN-2014-DR1288027-41872,Eastern Asia
293,Yes,IN-2016-VG2180527-42727,Eastern Asia
294,Yes,IN-2016-TZ2144527-42658,Eastern Asia
295,Yes,IN-2017-ED1388527-42938,Eastern Asia
296,Yes,IN-2017-DK1309027-43081,Eastern Asia
297,Yes,IN-2017-SC2023027-42771,Eastern Asia
298,Yes,IN-2017-AD1018027-42876,Eastern Asia
299,Yes,IN-2015-BP1105027-42099,Eastern Asia
300,Yes,IN-2015-MF1825027-42237,Eastern Asia
301,Yes,IN-2014-EP1391527-41916,Eastern Asia
302,Yes,IN-2017-DJ1351027-42816,Eastern Asia
303,Yes,IN-2014-AB1025527-41993,Eastern Asia
304,Yes,ID-2016-DC1285027-42505,Eastern Asia
305,Yes,IN-2017-TB2159527-43017,Eastern Asia
306,Yes,IN-2015-SD2048527-42345,Eastern Asia
307,Yes,ID-2014-ME1801027-41680,Eastern Asia
308,Yes,ID-2017-BV1124527-42963,Eastern Asia
309,Yes,ID-2016-SF2020027-42671,Eastern Asia
310,Yes,IN-2015-MY1829527-42044,Eastern Asia
311,Yes,IN-2014-LW1721527-41664,Eastern Asia
312,Yes,IN-2016-BN1151527-42391,Eastern Asia
313,Yes,IN-2016-BN1151527-42391,Eastern Asia
314,Yes,IN-2016-JS1588027-42547,Eastern Asia
315,Yes,IN-2017-AT1073527-43023,Eastern Asia
316,Yes,IN-2016-AH1012027-42629,Eastern Asia
317,Yes,IN-2017-CP1234027-42874,Eastern Asia
318,Yes,IN-2017-CL1256527-43074,Eastern Asia
319,Yes,IN-2017-RE1940527-42861,Eastern Asia
320,Yes,IN-2016-SO2033527-42645,Eastern Asia
321,Yes,IN-2017-RB1936027-42847,Eastern Asia
322,Yes,IN-2014-JO1528027-41994,Eastern Asia
323,Yes,IN-2016-CJ1201027-42541,Eastern Asia
324,Yes,IN-2014-TG2131027-41684,Eastern Asia
325,Yes,IN-2017-TW2102527-43059,Eastern Asia
326,Yes,IN-2016-PM1913527-42527,Eastern Asia
327,Yes,IN-2014-CD1279027-41839,Eastern Asia
328,Yes,IN-2016-JO1528027-42492,Eastern Asia
329,Yes,IN-2014-NF1838527-41995,Eastern Asia
330,Yes,IN-2014-NF1838527-41995,Eastern Asia
331,Yes,IN-2014-DS1318027-41861,Eastern Asia
332,Yes,IN-2017-MG1769527-43025,Eastern Asia
333,Yes,IN-2015-JE1561027-42077,Eastern Asia
334,Yes,IN-2014-NC1841527-41896,Eastern Asia
335,Yes,IN-2016-MK1790527-42405,Eastern Asia
336,Yes,IN-2016-EH1399027-42525,Eastern Asia
337,Yes,IN-2017-DW1358527-42879,Eastern Asia
338,Yes,IN-2015-CS1240027-42024,Eastern Asia
339,Yes,IN-2014-TC2098027-41764,Eastern Asia
340,Yes,IN-2016-VF2171527-42550,Eastern Asia
341,Yes,IN-2016-JE1571527-42370,Eastern Asia
342,Yes,IN-2017-PR1888027-42856,Eastern Asia
343,Yes,IN-2017-GM1468027-42736,Eastern Asia
344,Yes,IN-2015-BF1117027-42083,Eastern Asia
345,Yes,IN-2015-BF1117027-42083,Eastern Asia
346,Yes,IN-2015-JB1600027-42322,Eastern Asia
347,Yes,IN-2017-RC1996027-42958,Eastern Asia
348,Yes,MX-2016-EB1370528-42549,South America
349,Yes,MX-2017-LB1673528-42886,South America
350,Yes,MX-2016-AB1006028-42486,South America
351,Yes,MX-2014-HE1480028-41959,South America
352,Yes,MX-2017-ES1402028-42836,South America
353,Yes,MX-2016-ML1739528-42529,South America
354,Yes,MX-2016-AB1060028-42401,South America
355,Yes,MX-2015-JF1549028-42286,South America
356,Yes,MX-2017-CT1199528-42753,South America
357,Yes,MX-2015-SE2011028-42280,South America
358,Yes,MX-2016-SH1997528-42553,South America
359,Yes,MX-2016-SH1997528-42553,South America
360,Yes,MX-2017-AH1046528-43030,South America
361,Yes,MX-2017-PK1907528-43092,South America
362,Yes,MX-2014-ND1837028-41890,South America
363,Yes,MX-2017-TS2143028-43053,South America
364,Yes,MX-2017-SW2075528-42955,South America
365,Yes,US-2017-FH1427528-43096,South America
366,Yes,IV-2017-DP316529-42840,Western Africa
367,Yes,IV-2017-BP105029-42871,Western Africa
368,Yes,IV-2017-SF1020029-42784,Western Africa
369,Yes,IV-2014-BE133529-41964,Western Africa
370,Yes,IV-2016-RP939029-42422,Western Africa
371,Yes,HR-2017-BS159030-42863,Southern Europe
372,Yes,MX-2017-SC2044031-42920,Caribbean
373,Yes,MX-2016-LP1708031-42702,Caribbean
374,Yes,MX-2016-BP1129031-42680,Caribbean
375,Yes,MX-2015-JB1540031-42300,Caribbean
376,Yes,MX-2015-KF1628531-42364,Caribbean
377,Yes,MX-2015-RD1993031-42156,Caribbean
378,Yes,MX-2014-DC1328531-42000,Caribbean
379,Yes,MX-2014-VG2180531-41944,Caribbean
380,Yes,MX-2017-KS1630031-42794,Caribbean
381,Yes,MX-2016-JF1541531-42709,Caribbean
382,Yes,MX-2017-DB1361531-42740,Caribbean
383,Yes,MX-2016-TZ2144531-42669,Caribbean
384,Yes,MX-2017-MC1760531-43022,Caribbean
385,Yes,MX-2016-SJ2050031-42621,Caribbean
386,Yes,MX-2016-FM1429031-42634,Caribbean
387,Yes,MX-2014-DB1291031-41837,Caribbean
388,Yes,MX-2017-CA1196531-43082,Caribbean
389,Yes,MX-2017-FC1433531-42874,Caribbean
390,Yes,MX-2014-AW1093031-41643,Caribbean
391,Yes,MX-2014-AW1093031-41643,Caribbean
392,Yes,MX-2017-CD1192031-42850,Caribbean
393,Yes,MX-2016-TS2161031-42639,Caribbean
394,Yes,MX-2017-BF1127531-43079,Caribbean
395,Yes,MX-2014-AC1042031-41866,Caribbean
396,Yes,MX-2015-ML1739531-42117,Caribbean
397,Yes,MX-2016-JO1528031-42633,Caribbean
398,Yes,MX-2016-BT1153031-42715,Caribbean
399,Yes,CG-2014-AJ96033-41896,Central Africa
400,Yes,CG-2017-JB604533-42888,Central Africa
401,Yes,CG-2017-BT144033-42798,Central Africa
402,Yes,CG-2017-RD972033-42811,Central Africa
403,Yes,CG-2016-JF556533-42594,Central Africa
404,Yes,CG-2017-RW954033-43000,Central Africa
405,Yes,CG-2014-LC693033-41947,Central Africa
406,Yes,CG-2014-TB1162533-41685,Central Africa
407,Yes,CG-2015-MC763533-42195,Central Africa
408,Yes,CG-2016-MB730533-42418,Central Africa
409,Yes,CG-2014-EH394533-42001,Central Africa
410,Yes,CG-2014-AG52533-41851,Central Africa
411,Yes,CG-2016-DM295533-42450,Central Africa
412,Yes,IT-2016-BF1108034-42521,Northern Europe
413,Yes,ES-2015-DB1340534-42180,Northern Europe
414,Yes,ES-2017-JF1556534-42798,Northern Europe
415,Yes,US-2015-BB1099036-42109,Caribbean
416,Yes,US-2014-BD1172536-41800,Caribbean
417,Yes,MX-2016-ME1801036-42609,Caribbean
418,Yes,MX-2017-AR1082536-43078,Caribbean
419,Yes,MX-2014-SA2083036-41798,Caribbean
420,Yes,US-2017-TP2113036-43079,Caribbean
421,Yes,US-2014-PC1874536-41911,Caribbean
422,Yes,MX-2015-BF1100536-42156,Caribbean
423,Yes,US-2014-CW1190536-41971,Caribbean
424,Yes,US-2016-JK1532536-42435,Caribbean
425,Yes,US-2017-TZ2158036-43049,Caribbean
426,Yes,US-2014-RR1952536-42000,Caribbean
427,Yes,US-2014-LH1675036-41859,Caribbean
428,Yes,US-2016-MA1799536-42678,Caribbean
429,Yes,US-2015-MW1822036-42117,Caribbean
430,Yes,MX-2015-TH2123536-42311,Caribbean
431,Yes,US-2017-JC1538536-43092,Caribbean
432,Yes,MX-2017-SS2051536-42995,Caribbean
433,Yes,US-2017-JD1601536-42802,Caribbean
434,Yes,US-2016-JD1615036-42405,Caribbean
435,Yes,US-2017-DP1316536-42969,Caribbean
436,Yes,US-2014-CS1195036-41805,Caribbean
437,Yes,MX-2015-TB2128036-42363,Caribbean
438,Yes,MX-2016-BG1103536-42455,Caribbean
439,Yes,US-2016-EA1403536-42650,Caribbean
440,Yes,MX-2015-SJ2012536-42318,Caribbean
441,Yes,MX-2016-DJ1363036-42694,Caribbean
442,Yes,MX-2017-QJ1925536-42897,Caribbean
443,Yes,MX-2016-AG1076536-42499,Caribbean
444,Yes,US-2016-GM1444036-42611,Caribbean
445,Yes,US-2015-CL1256536-42294,Caribbean
446,Yes,MX-2016-BG1103536-42455,Caribbean
447,Yes,US-2015-TS2161036-42216,Caribbean
448,Yes,MX-2015-LW1712537-42320,South America
449,Yes,EG-2017-RD966038-43014,North Africa
450,Yes,EG-2017-RD966038-43014,North Africa
451,Yes,EG-2016-EM396038-42577,North Africa
452,Yes,EG-2016-AS28538-42447,North Africa
453,Yes,EG-2017-LS694538-42755,North Africa
454,Yes,EG-2017-KH651038-43085,North Africa
455,Yes,EG-2016-GB457538-42682,North Africa
456,Yes,EG-2017-EB411038-42931,North Africa
457,Yes,EG-2016-JK612038-42458,North Africa
458,Yes,EG-2015-BF108038-42211,North Africa
459,Yes,EG-2014-LC688538-41950,North Africa
460,Yes,EG-2015-MC763538-42069,North Africa
461,Yes,EG-2015-JB604538-42310,North Africa
462,Yes,EG-2017-KW643538-42799,North Africa
463,Yes,MX-2015-BD1177039-42256,Central America
464,Yes,MX-2014-NR1855039-41816,Central America
465,Yes,MX-2014-JP1552039-41924,Central America
466,Yes,MX-2017-MM1792039-43087,Central America
467,Yes,MX-2017-DB1336039-42918,Central America
468,Yes,MX-2016-JH1582039-42658,Central America
469,Yes,MX-2015-SL2015539-42216,Central America
470,Yes,MX-2016-TM2149039-42654,Central America
471,Yes,MX-2016-KB1660039-42683,Central America
472,Yes,MX-2014-DV1346539-41909,Central America
473,Yes,MX-2015-TS2108539-42324,Central America
474,Yes,MX-2017-AG1076539-42864,Central America
475,Yes,MX-2015-MD1735039-42342,Central America
476,Yes,MX-2015-TT2126539-42290,Central America
477,Yes,MX-2017-MK1790539-43074,Central America
478,Yes,MX-2017-BP1105039-42751,Central America
479,Yes,MX-2017-RE1940539-42841,Central America
480,Yes,MX-2016-ER1385539-42697,Central America
481,Yes,MX-2014-EH1400539-41768,Central America
482,Yes,MX-2016-RM1937539-42456,Central America
483,Yes,MX-2017-GM1469539-42862,Central America
484,Yes,MX-2015-HL1504039-42162,Central America
485,Yes,MX-2015-MS1736539-42182,Central America
486,Yes,MX-2015-YC2189539-42224,Central America
487,Yes,MX-2015-CS1225039-42366,Central America
488,Yes,MX-2016-EM1382539-42527,Central America
489,Yes,MX-2017-PS1897039-42941,Central America
490,Yes,MX-2016-RK1930039-42555,Central America
491,Yes,ES-2016-JD1579044-42476,Northern Europe
492,Yes,ES-2016-PO1919544-42675,Northern Europe
493,Yes,ES-2017-AR1057044-42996,Northern Europe
494,Yes,ES-2014-VW2177544-41877,Northern Europe
495,Yes,IT-2014-RF1984045-41755,Western Europe
496,Yes,IT-2015-KB1631545-42107,Western Europe
497,Yes,ES-2017-MH1802545-42842,Western Europe
498,Yes,ES-2015-DK1322545-42238,Western Europe
499,Yes,ES-2017-AG1027045-42904,Western Europe
500,Yes,ES-2015-JK1520545-42247,Western Europe
501,Yes,ES-2015-JS1568545-42048,Western Europe
502,Yes,ES-2017-RB1933045-43085,Western Europe
503,Yes,ES-2016-AJ1096045-42688,Western Europe
504,Yes,ES-2016-TH2155045-42633,Western Europe
505,Yes,IT-2016-MZ1751545-42512,Western Europe
506,Yes,ES-2017-FG1426045-42884,Western Europe
507,Yes,ES-2016-HR1477045-42528,Western Europe
508,Yes,ES-2014-NL1831045-41852,Western Europe
509,Yes,IT-2017-VG2179045-42928,Western Europe
510,Yes,ES-2017-MS1798045-42885,Western Europe
511,Yes,ES-2017-RF1984045-43081,Western Europe
512,Yes,ES-2015-AA1064545-42266,Western Europe
513,Yes,ES-2016-PS1904545-42576,Western Europe
514,Yes,ES-2016-BF1127545-42534,Western Europe
515,Yes,ES-2015-JB1600045-42036,Western Europe
516,Yes,ES-2017-VM2183545-42956,Western Europe
517,Yes,ES-2014-KH1663045-41688,Western Europe
518,Yes,ES-2017-NS1850545-43038,Western Europe
519,Yes,ES-2017-EN1378045-42876,Western Europe
520,Yes,ES-2017-BK1126045-42875,Western Europe
521,Yes,ES-2017-SW2075545-43051,Western Europe
522,Yes,ES-2015-MG1768045-42288,Western Europe
523,Yes,ES-2015-SP2092045-42047,Western Europe
524,Yes,ES-2015-SP2092045-42047,Western Europe
525,Yes,ES-2017-RB1957045-42907,Western Europe
526,Yes,IT-2017-DC1328545-42856,Western Europe
527,Yes,ES-2015-FC1433545-42114,Western Europe
528,Yes,IT-2015-TS2150545-42178,Western Europe
529,Yes,ES-2015-HP1481545-42281,Western Europe
530,Yes,ES-2015-EB1387045-42292,Western Europe
531,Yes,ES-2017-JP1546045-42790,Western Europe
532,Yes,ES-2016-CJ1201045-42584,Western Europe
533,Yes,ES-2017-JL1513045-42786,Western Europe
534,Yes,ES-2017-MG1814545-43063,Western Europe
535,Yes,ES-2015-DB1306045-42352,Western Europe
536,Yes,ES-2015-SV2081545-42331,Western Europe
537,Yes,ES-2016-RC1996045-42583,Western Europe
538,Yes,ES-2015-SG2047045-42013,Western Europe
539,Yes,ES-2016-GH1466545-42428,Western Europe
540,Yes,ES-2016-RH1949545-42675,Western Europe
541,Yes,ES-2017-MH1745545-42875,Western Europe
542,Yes,ES-2017-EG1390045-42959,Western Europe
543,Yes,ES-2017-FH1427545-42997,Western Europe
544,Yes,ES-2016-RF1934545-42585,Western Europe
545,Yes,ES-2015-JH1543045-42222,Western Europe
546,Yes,ES-2017-GZ1454545-42960,Western Europe
547,Yes,ES-2014-MS1783045-41818,Western Europe
548,Yes,IT-2017-FG1426045-42776,Western Europe
549,Yes,ES-2014-IL1510045-41950,Western Europe
550,Yes,ES-2017-AC1061545-42916,Western Europe
551,Yes,ES-2015-JS1588045-42253,Western Europe
552,Yes,IT-2017-RS1942045-42979,Western Europe
553,Yes,IT-2017-GH1441045-43080,Western Europe
554,Yes,ES-2016-BO1142545-42658,Western Europe
555,Yes,ES-2016-AG1030045-42575,Western Europe
556,Yes,ES-2017-AJ1078045-42761,Western Europe
557,Yes,ES-2017-ES1402045-43074,Western Europe
558,Yes,ES-2015-SN2071045-42274,Western Europe
559,Yes,ES-2016-DW1358545-42392,Western Europe
560,Yes,ES-2016-SP2092045-42721,Western Europe
561,Yes,ES-2014-TB2117545-41876,Western Europe
562,Yes,ES-2017-JK1532545-42910,Western Europe
563,Yes,IT-2014-CM1219045-41999,Western Europe
564,Yes,ES-2016-JD1606045-42430,Western Europe
565,Yes,ES-2016-JJ1576045-42583,Western Europe
566,Yes,ES-2016-PN1877545-42444,Western Europe
567,Yes,ES-2017-NS1864045-43064,Western Europe
568,Yes,IT-2015-KW1657045-42356,Western Europe
569,Yes,ES-2014-MY1829545-41958,Western Europe
570,Yes,ES-2017-JW1595545-42976,Western Europe
571,Yes,ES-2015-SF2020045-42019,Western Europe
572,Yes,ES-2014-CL1270045-41654,Western Europe
573,Yes,ES-2017-JF1541545-42953,Western Europe
574,Yes,ES-2017-KH1663045-43022,Western Europe
575,Yes,ES-2016-RO1978045-42444,Western Europe
576,Yes,ES-2015-KH1669045-42099,Western Europe
577,Yes,ES-2016-PP1895545-42419,Western Europe
578,Yes,ES-2017-AF1088545-42834,Western Europe
579,Yes,ES-2015-EK1379545-42257,Western Europe
580,Yes,ES-2015-GG1465045-42345,Western Europe
581,Yes,ES-2017-TA2138545-42772,Western Europe
582,Yes,ES-2017-TA2138545-42772,Western Europe
583,Yes,ES-2016-ML1741045-42689,Western Europe
584,Yes,ES-2016-LP1708045-42637,Western Europe
585,Yes,ES-2017-SR2074045-42787,Western Europe
586,Yes,ES-2015-MT1781545-42329,Western Europe
587,Yes,ES-2017-SM2090545-42821,Western Europe
588,Yes,ES-2016-MP1796545-42703,Western Europe
589,Yes,IT-2015-PF1916545-42260,Western Europe
590,Yes,ES-2017-AS1004545-43077,Western Europe
591,Yes,ES-2017-AS1004545-43077,Western Europe
592,Yes,ES-2015-SS2041045-42231,Western Europe
593,Yes,ES-2015-RD1948045-42281,Western Europe
594,Yes,ES-2015-FO1430545-42052,Western Europe
595,Yes,ES-2017-ML1775545-42956,Western Europe
596,Yes,ES-2014-SP2086045-41816,Western Europe
597,Yes,ES-2017-SH2039545-42970,Western Europe
598,Yes,ES-2015-CD1192045-42339,Western Europe
599,Yes,GG-2015-SG1047047-42135,Western Asia
600,Yes,ES-2016-AB1016548-42441,Western Europe
601,Yes,ES-2017-JS1559548-43053,Western Europe
602,Yes,ES-2014-AG1049548-41950,Western Europe
603,Yes,ES-2017-TD2099548-42820,Western Europe
604,Yes,ES-2017-CV1229548-43028,Western Europe
605,Yes,IT-2015-AS1013548-42197,Western Europe
606,Yes,ES-2015-EM1420048-42327,Western Europe
607,Yes,ES-2015-SH2063548-42246,Western Europe
608,Yes,ES-2016-KM1637548-42397,Western Europe
609,Yes,ES-2017-JG1580548-42966,Western Europe
610,Yes,IT-2014-DL1333048-41853,Western Europe
611,Yes,ES-2017-MP1796548-43046,Western Europe
612,Yes,ES-2016-TC2129548-42500,Western Europe
613,Yes,IT-2014-ZC2191048-41904,Western Europe
614,Yes,ES-2015-SC2072548-42184,Western Europe
615,Yes,IT-2016-SF2006548-42437,Western Europe
616,Yes,ES-2017-SC2080048-42849,Western Europe
617,Yes,ES-2015-JW1595548-42064,Western Europe
618,Yes,ES-2015-DJ1351048-42181,Western Europe
619,Yes,ES-2014-ZD2192548-41964,Western Europe
620,Yes,ES-2017-AS1024048-42813,Western Europe
621,Yes,ES-2017-NF1847548-42741,Western Europe
622,Yes,IT-2016-AC1042048-42598,Western Europe
623,Yes,ES-2014-LR1703548-41975,Western Europe
624,Yes,ES-2014-LR1703548-41975,Western Europe
625,Yes,ES-2014-GB1457548-41999,Western Europe
626,Yes,ES-2015-GB1457548-42027,Western Europe
627,Yes,ES-2015-BD1160548-42310,Western Europe
628,Yes,ES-2014-RR1931548-41859,Western Europe
629,Yes,ES-2016-NP1867048-42452,Western Europe
630,Yes,IT-2017-Dl1360048-42940,Western Europe
631,Yes,ES-2015-JP1546048-42138,Western Europe
632,Yes,ES-2016-NP1867048-42536,Western Europe
633,Yes,IT-2014-MC1742548-41907,Western Europe
634,Yes,IT-2015-EK1379548-42221,Western Europe
635,Yes,ES-2017-MR1754548-42772,Western Europe
636,Yes,ES-2016-DB1361548-42506,Western Europe
637,Yes,IT-2015-MH1762048-42215,Western Europe
638,Yes,ES-2017-JL1550548-43070,Western Europe
639,Yes,ES-2016-CS1240048-42596,Western Europe
640,Yes,ES-2015-NC1862548-42085,Western Europe
641,Yes,ES-2014-BW1106548-41855,Western Europe
642,Yes,ES-2017-MH1729048-43063,Western Europe
643,Yes,ES-2016-SD2048548-42525,Western Europe
644,Yes,ES-2017-AF1087048-42900,Western Europe
645,Yes,ES-2017-JP1552048-42895,Western Europe
646,Yes,IT-2016-MM1805548-42526,Western Europe
647,Yes,ES-2015-BM1178548-42177,Western Europe
648,Yes,ES-2017-JC1610548-42997,Western Europe
649,Yes,ES-2016-DD1357048-42685,Western Europe
650,Yes,ES-2017-DH1307548-42989,Western Europe
651,Yes,ES-2017-SU2066548-43029,Western Europe
652,Yes,ES-2016-JE1571548-42689,Western Europe
653,Yes,ES-2014-CS1213048-41811,Western Europe
654,Yes,ES-2017-JJ1576048-43050,Western Europe
655,Yes,ES-2014-CD1198048-41881,Western Europe
656,Yes,ES-2015-JP1546048-42176,Western Europe
657,Yes,ES-2014-CD1198048-41881,Western Europe
658,Yes,IT-2017-JW1522048-42987,Western Europe
659,Yes,ES-2017-LS1723048-42884,Western Europe
660,Yes,ES-2016-AR1082548-42372,Western Europe
661,Yes,ES-2016-DW1348048-42606,Western Europe
662,Yes,ES-2015-TM2149048-42264,Western Europe
663,Yes,ES-2014-ME1732048-41911,Western Europe
664,Yes,ES-2017-DL1331548-43082,Western Europe
665,Yes,ES-2017-GG1465048-42863,Western Europe
666,Yes,IT-2017-BP1109548-42923,Western Europe
667,Yes,ES-2014-CK1259548-41848,Western Europe
668,Yes,ES-2016-PF1922548-42735,Western Europe
669,Yes,ES-2017-MH1744048-42800,Western Europe
670,Yes,ES-2015-MC1760548-42201,Western Europe
671,Yes,ES-2014-EP1391548-41850,Western Europe
672,Yes,ES-2015-MP1796548-42318,Western Europe
673,Yes,ES-2017-DJ1342048-43078,Western Europe
674,Yes,ES-2014-AB1025548-41904,Western Europe
675,Yes,IT-2014-RB1933048-41943,Western Europe
676,Yes,GH-2017-MH811549-43042,Western Africa
677,Yes,GH-2016-TS1108549-42553,Western Africa
678,Yes,GH-2016-Dl360049-42393,Western Africa
679,Yes,MX-2016-MC1759051-42387,Central America
680,Yes,MX-2014-RD1993051-41967,Central America
681,Yes,MX-2014-AC1061551-41893,Central America
682,Yes,MX-2017-AG1039051-42911,Central America
683,Yes,MX-2017-DA1345051-42911,Central America
684,Yes,MX-2016-PG1889551-42525,Central America
685,Yes,MX-2016-JA1597051-42532,Central America
686,Yes,MX-2014-TZ2144551-41709,Central America
687,Yes,MX-2016-KC1654051-42634,Central America
688,Yes,MX-2016-CL1189051-42688,Central America
689,Yes,MX-2017-JF1541551-42987,Central America
690,Yes,MX-2016-JH1598551-42547,Central America
691,Yes,MX-2017-ND1837051-43007,Central America
692,Yes,MX-2014-AY1055551-41792,Central America
693,Yes,MX-2017-TH2155051-42818,Central America
694,Yes,MX-2015-TS2143051-42337,Central America
695,Yes,MX-2015-DE1325551-42100,Central America
696,Yes,MX-2015-DE1325551-42100,Central America
697,Yes,MX-2017-EB1411051-43065,Central America
698,Yes,MX-2015-DE1325551-42100,Central America
699,Yes,MX-2015-AG1027051-42359,Central America
700,Yes,MX-2016-BG1103551-42619,Central America
701,Yes,MX-2017-MC1759051-42954,Central America
702,Yes,MX-2015-TS2143051-42337,Central America
703,Yes,MX-2016-MC1784551-42658,Central America
704,Yes,MX-2017-SG2060551-42994,Central America
705,Yes,MX-2015-KD1627051-42198,Central America
706,Yes,GV-2015-TB1140052-42188,Western Africa
707,Yes,GV-2015-TB1140052-42188,Western Africa
708,Yes,MX-2015-KD1661554-42131,Caribbean
709,Yes,US-2014-MS1798054-41718,Caribbean
710,Yes,US-2017-AC1066054-43098,Caribbean
711,Yes,MX-2016-JE1547554-42671,Caribbean
712,Yes,US-2017-NS1864055-43043,Central America
713,Yes,US-2017-DK1283555-43011,Central America
714,Yes,US-2017-CS1249055-42905,Central America
715,Yes,US-2014-BB1099055-41809,Central America
716,Yes,US-2014-MJ1774055-41755,Central America
717,Yes,US-2016-DL1331555-42732,Central America
718,Yes,MX-2016-DB1336055-42549,Central America
719,Yes,US-2017-CR1262555-43035,Central America
720,Yes,MX-2016-BM1114055-42692,Central America
721,Yes,MX-2015-LC1696055-42289,Central America
722,Yes,US-2014-CC1255055-41819,Central America
723,Yes,US-2017-RO1978055-42776,Central America
724,Yes,MX-2017-KC1625555-43039,Central America
725,Yes,US-2017-PB1921055-42949,Central America
726,Yes,US-2016-JP1546055-42722,Central America
727,Yes,US-2017-BT1148555-43070,Central America
728,Yes,US-2017-MS1798055-43008,Central America
729,Yes,US-2016-TB2125055-42667,Central America
730,Yes,US-2016-KM1637555-42683,Central America
731,Yes,US-2016-JM1586555-42514,Central America
732,Yes,US-2015-GW1460555-42283,Central America
733,Yes,US-2017-DL1331555-43060,Central America
734,Yes,US-2016-KB1640555-42695,Central America
735,Yes,US-2017-EH1376555-43082,Central America
736,Yes,US-2017-TB2140055-42891,Central America
737,Yes,US-2016-MG1814555-42659,Central America
738,Yes,MX-2017-PB1880555-43028,Central America
739,Yes,US-2014-AR1082555-41992,Central America
740,Yes,HU-2015-SV1036557-42162,Eastern Europe
741,Yes,HU-2016-JR567057-42370,Eastern Europe
742,Yes,IN-2014-CW1190558-41875,Southern Asia
743,Yes,IN-2016-AG1052558-42667,Southern Asia
744,Yes,IN-2014-DM1352558-41987,Southern Asia
745,Yes,IN-2016-TS2143058-42539,Southern Asia
746,Yes,IN-2017-NM1844558-42856,Southern Asia
747,Yes,IN-2015-JF1549058-42289,Southern Asia
748,Yes,IN-2015-GP1474058-42149,Southern Asia
749,Yes,IN-2014-MT1807058-41917,Southern Asia
750,Yes,IN-2017-KD1634558-42760,Southern Asia
751,Yes,IN-2017-KD1634558-42760,Southern Asia
752,Yes,IN-2016-SV2081558-42699,Southern Asia
753,Yes,IN-2016-RA1988558-42598,Southern Asia
754,Yes,IN-2017-GM1445558-43004,Southern Asia
755,Yes,IN-2017-Co1264058-43057,Southern Asia
756,Yes,IN-2014-MT1807058-41825,Southern Asia
757,Yes,IN-2015-ON1871558-42366,Southern Asia
758,Yes,IN-2017-BD1177058-43025,Southern Asia
759,Yes,IN-2016-RA1928558-42594,Southern Asia
760,Yes,IN-2017-LW1682558-42987,Southern Asia
761,Yes,IN-2014-AB1010558-42000,Southern Asia
762,Yes,IN-2016-SF2006558-42504,Southern Asia
763,Yes,IN-2015-FH1427558-42296,Southern Asia
764,Yes,IN-2015-JH1618058-42148,Southern Asia
765,Yes,IN-2016-KB1624058-42491,Southern Asia
766,Yes,IN-2017-LP1709558-43023,Southern Asia
767,Yes,ID-2014-TB2105558-41886,Southern Asia
768,Yes,ID-2015-CR1273058-42247,Southern Asia
769,Yes,IN-2016-DV1304558-42596,Southern Asia
770,Yes,IN-2016-FG1426058-42478,Southern Asia
771,Yes,IN-2015-KD1649558-42217,Southern Asia
772,Yes,IN-2015-EB1397558-42239,Southern Asia
773,Yes,IN-2015-PV1898558-42358,Southern Asia
774,Yes,IN-2015-CC1214558-42159,Southern Asia
775,Yes,IN-2016-AG1090058-42391,Southern Asia
776,Yes,IN-2015-MM1726058-42348,Southern Asia
777,Yes,IN-2014-JM1553558-41886,Southern Asia
778,Yes,IN-2015-MM1726058-42027,Southern Asia
779,Yes,IN-2015-RW1969058-42353,Southern Asia
780,Yes,IN-2014-ST2053058-41880,Southern Asia
781,Yes,IN-2015-SW2024558-42155,Southern Asia
782,Yes,IN-2015-TM2101058-42262,Southern Asia
783,Yes,IN-2016-KE1642058-42728,Southern Asia
784,Yes,IN-2014-VM2183558-41978,Southern Asia
785,Yes,IN-2014-PR1888058-41743,Southern Asia
786,Yes,IN-2017-AC1045058-43042,Southern Asia
787,Yes,IN-2017-DB1361558-43064,Southern Asia
788,Yes,IN-2017-DG1330058-42897,Southern Asia
789,Yes,IN-2015-CS1246058-42339,Southern Asia
790,Yes,IN-2016-CJ1201058-42596,Southern Asia
791,Yes,IN-2017-KN1645058-42840,Southern Asia
792,Yes,IN-2017-PB1880558-43045,Southern Asia
793,Yes,IN-2015-SA2083058-42197,Southern Asia
794,Yes,IN-2017-CR1258058-43078,Southern Asia
795,Yes,IN-2015-PF1916558-42280,Southern Asia
796,Yes,IN-2015-PF1916558-42280,Southern Asia
797,Yes,IN-2015-EL1373558-42139,Southern Asia
798,Yes,IN-2015-EM1381058-42038,Southern Asia
799,Yes,IN-2017-DR1294058-43014,Southern Asia
800,Yes,ID-2016-JE1616559-42587,Southeastern Asia
801,Yes,ID-2014-BM1114059-41965,Southeastern Asia
802,Yes,IN-2017-NH1861059-43080,Southeastern Asia
803,Yes,IN-2017-JK1562559-42757,Southeastern Asia
804,Yes,ID-2017-BT1153059-43009,Southeastern Asia
805,Yes,IN-2017-AP1091559-42820,Southeastern Asia
806,Yes,IN-2017-BM1157559-42910,Southeastern Asia
807,Yes,IN-2016-EH1394559-42590,Southeastern Asia
808,Yes,ID-2014-JH1598559-41949,Southeastern Asia
809,Yes,IN-2017-BE1145559-43036,Southeastern Asia
810,Yes,IN-2016-MC1742559-42622,Southeastern Asia
811,Yes,ID-2016-JH1618059-42700,Southeastern Asia
812,Yes,IN-2014-LD1685559-41842,Southeastern Asia
813,Yes,ID-2017-DM1334559-43010,Southeastern Asia
814,Yes,ID-2017-LS1720059-43039,Southeastern Asia
815,Yes,ID-2014-GA1472559-41998,Southeastern Asia
816,Yes,IN-2015-MT1781559-42257,Southeastern Asia
817,Yes,ID-2015-KT1648059-42350,Southeastern Asia
818,Yes,ID-2016-CG1204059-42528,Southeastern Asia
819,Yes,ID-2016-VB2174559-42399,Southeastern Asia
820,Yes,ID-2017-MG1769559-42797,Southeastern Asia
821,Yes,ID-2014-EB1387059-41930,Southeastern Asia
822,Yes,ID-2017-TT2146059-42916,Southeastern Asia
823,Yes,ID-2015-JC1577559-42223,Southeastern Asia
824,Yes,ID-2017-JL1517559-42931,Southeastern Asia
825,Yes,ID-2017-SV2081559-43032,Southeastern Asia
826,Yes,IN-2014-BF1121559-41915,Southeastern Asia
827,Yes,ID-2017-EB1393059-42937,Southeastern Asia
828,Yes,ID-2016-SS2059059-42647,Southeastern Asia
829,Yes,IN-2015-CY1274559-42134,Southeastern Asia
830,Yes,IN-2016-JH1591059-42613,Southeastern Asia
831,Yes,ID-2014-MP1796559-41667,Southeastern Asia
832,Yes,IN-2015-AA1064559-42317,Southeastern Asia
833,Yes,ID-2015-SC2080059-42110,Southeastern Asia
834,Yes,ID-2015-AS1004559-42250,Southeastern Asia
835,Yes,ID-2015-HJ1487559-42077,Southeastern Asia
836,Yes,ID-2017-DK1289559-43046,Southeastern Asia
837,Yes,ID-2017-SH2063559-42968,Southeastern Asia
838,Yes,IN-2017-DB1327059-43067,Southeastern Asia
839,Yes,ID-2015-BS1175559-42057,Southeastern Asia
840,Yes,ID-2016-MZ1751559-42505,Southeastern Asia
841,Yes,ID-2015-CS1213059-42222,Southeastern Asia
842,Yes,IN-2016-FH1427559-42722,Southeastern Asia
843,Yes,ID-2014-TB2117559-41862,Southeastern Asia
844,Yes,IN-2016-JL1517559-42665,Southeastern Asia
845,Yes,ID-2016-PC1900059-42706,Southeastern Asia
846,Yes,ID-2014-GM1468059-41891,Southeastern Asia
847,Yes,ID-2017-AB1001559-42909,Southeastern Asia
848,Yes,ID-2016-JS1603059-42491,Southeastern Asia
849,Yes,IN-2017-SV2078559-42841,Southeastern Asia
850,Yes,ID-2016-AM1070559-42534,Southeastern Asia
851,Yes,ID-2015-MC1760559-42112,Southeastern Asia
852,Yes,IN-2017-JG1580559-42904,Southeastern Asia
853,Yes,ID-2015-JD1601559-42337,Southeastern Asia
854,Yes,ID-2014-NG1843059-41949,Southeastern Asia
855,Yes,ID-2015-EB1387059-42181,Southeastern Asia
856,Yes,IN-2017-JH1618059-42927,Southeastern Asia
857,Yes,IN-2015-TP2141559-42162,Southeastern Asia
858,Yes,ID-2017-KD1627059-43004,Southeastern Asia
859,Yes,IN-2016-BT1168059-42631,Southeastern Asia
860,Yes,IN-2017-KL1655559-42963,Southeastern Asia
861,Yes,IR-2016-MV819060-42640,Southern Asia
862,Yes,IR-2014-JE547560-41802,Southern Asia
863,Yes,IR-2015-AT43560-42077,Southern Asia
864,Yes,IR-2017-SH997560-42749,Southern Asia
865,Yes,IR-2015-KB624060-42286,Southern Asia
866,Yes,IR-2016-RP939060-42584,Southern Asia
867,Yes,IR-2016-BS166560-42538,Southern Asia
868,Yes,IR-2016-AS22560-42430,Southern Asia
869,Yes,IR-2017-SR1074060-42997,Southern Asia
870,Yes,IR-2014-CM265560-41856,Southern Asia
871,Yes,IR-2014-EH394560-41914,Southern Asia
872,Yes,IR-2017-DO343560-43029,Southern Asia
873,Yes,IR-2017-DO343560-43029,Southern Asia
874,Yes,IR-2017-NP870060-43063,Southern Asia
875,Yes,IR-2016-RA928560-42616,Southern Asia
876,Yes,IR-2017-CC237060-43094,Southern Asia
877,Yes,IR-2016-JP546060-42681,Southern Asia
878,Yes,IR-2016-HW493560-42524,Southern Asia
879,Yes,IZ-2017-KM672061-42751,Western Asia
880,Yes,IZ-2015-PB915061-42294,Western Asia
881,Yes,IZ-2016-SW1035061-42513,Western Asia
882,Yes,IZ-2016-SG1008061-42731,Western Asia
883,Yes,IZ-2014-SC1084561-41984,Western Asia
884,Yes,IZ-2017-AY55561-43012,Western Asia
885,Yes,IZ-2015-JS588061-42076,Western Asia
886,Yes,IZ-2016-SC1009561-42489,Western Asia
887,Yes,IZ-2014-DW319561-41874,Western Asia
888,Yes,IZ-2017-TB1119061-42986,Western Asia
889,Yes,IZ-2016-CB202561-42594,Western Asia
890,Yes,IZ-2017-BD163561-42776,Western Asia
891,Yes,ES-2015-SS2059062-42219,Northern Europe
892,Yes,IT-2016-LF1718562-42633,Northern Europe
893,Yes,IT-2015-AS1009062-42364,Northern Europe
894,Yes,IT-2016-MP1796562-42634,Northern Europe
895,Yes,IS-2016-KH663063-42609,Western Asia
896,Yes,IS-2014-CM244563-41753,Western Asia
897,Yes,ES-2017-BG1103564-42982,Southern Europe
898,Yes,ES-2016-AA1064564-42422,Southern Europe
899,Yes,ES-2014-TS2143064-41746,Southern Europe
900,Yes,ES-2014-CM1181564-41978,Southern Europe
901,Yes,ES-2015-RO1978064-42113,Southern Europe
902,Yes,IT-2014-EH1376564-41985,Southern Europe
903,Yes,IT-2014-JC1610564-41783,Southern Europe
904,Yes,ES-2016-LB1679564-42634,Southern Europe
905,Yes,ES-2017-GT1475564-43032,Southern Europe
906,Yes,ES-2016-MC1763564-42594,Southern Europe
907,Yes,IT-2016-PW1903064-42724,Southern Europe
908,Yes,ES-2016-FA1423064-42467,Southern Europe
909,Yes,ES-2015-AG1030064-42321,Southern Europe
910,Yes,ES-2017-AH1019564-42798,Southern Europe
911,Yes,IT-2017-BF1121564-42987,Southern Europe
912,Yes,ES-2015-DP1316564-42008,Southern Europe
913,Yes,ES-2016-NM1852064-42594,Southern Europe
914,Yes,ES-2017-HM1498064-42976,Southern Europe
915,Yes,ES-2017-JB1600064-42862,Southern Europe
916,Yes,ES-2017-NS1850564-42898,Southern Europe
917,Yes,ES-2015-PO1885064-42138,Southern Europe
918,Yes,ES-2017-EB1417064-42743,Southern Europe
919,Yes,ES-2017-RM1967564-43096,Southern Europe
920,Yes,IT-2017-LB1679564-42857,Southern Europe
921,Yes,ES-2015-JG1580564-42343,Southern Europe
922,Yes,ES-2014-ZD2192564-41691,Southern Europe
923,Yes,ES-2017-RS1942064-42822,Southern Europe
924,Yes,ES-2017-MG1769564-42749,Southern Europe
925,Yes,ES-2016-JH1582064-42724,Southern Europe
926,Yes,ES-2016-SC2023064-42687,Southern Europe
927,Yes,ES-2016-DD1357064-42547,Southern Europe
928,Yes,ES-2017-HR1483064-42744,Southern Europe
929,Yes,IT-2015-AO1081064-42278,Southern Europe
930,Yes,IT-2015-NF1859564-42056,Southern Europe
931,Yes,ES-2017-VG2180564-43059,Southern Europe
932,Yes,ES-2016-LC1714064-42571,Southern Europe
933,Yes,ES-2017-DP1310564-42968,Southern Europe
934,Yes,ES-2015-CM1219064-42094,Southern Europe
935,Yes,ES-2017-CK1220564-43056,Southern Europe
936,Yes,ES-2017-DM1352564-43042,Southern Europe
937,Yes,IT-2017-LW1699064-42969,Southern Europe
938,Yes,ES-2014-BP1123064-41729,Southern Europe
939,Yes,ES-2014-AB1001564-41880,Southern Europe
940,Yes,IN-2017-EB1417066-42951,Eastern Asia
941,Yes,IN-2015-MW1823566-42100,Eastern Asia
942,Yes,ID-2016-RW1969066-42436,Eastern Asia
943,Yes,IN-2016-CP1234066-42708,Eastern Asia
944,Yes,JO-2015-AG30067-42359,Western Asia
945,Yes,KZ-2015-KC625568-42334,Central Asia
946,Yes,KE-2014-MC760569-41825,Eastern Africa
947,Yes,KE-2017-KC654069-43063,Eastern Africa
948,Yes,LE-2016-CC267071-42378,Western Asia
949,Yes,LE-2016-PT909071-42519,Western Asia
950,Yes,LI-2014-LR691573-41854,Western Africa
951,Yes,LY-2017-NG843074-43056,North Africa
952,Yes,LY-2014-BN151574-41893,North Africa
953,Yes,LY-2016-JE616574-42605,North Africa
954,Yes,LH-2016-AR57075-42674,Northern Europe
955,Yes,LH-2015-LO717075-42261,Northern Europe
956,Yes,MA-2016-JM526577-42616,Eastern Africa
957,Yes,IN-2014-DP1300078-41953,Southeastern Asia
958,Yes,IN-2017-LS1723078-42982,Southeastern Asia
959,Yes,IN-2017-MG1814578-43067,Southeastern Asia
960,Yes,IN-2017-HJ1487578-43022,Southeastern Asia
961,Yes,IN-2016-SS2041078-42704,Southeastern Asia
962,Yes,ML-2015-KH663079-42162,Western Africa
963,Yes,ML-2017-TM1149079-42855,Western Africa
964,Yes,MX-2017-JH1582080-43030,Caribbean
965,Yes,MR-2017-BC112581-42847,Western Africa
966,Yes,MX-2016-DE1325582-42524,Central America
967,Yes,MX-2016-Dp1324082-42691,Central America
968,Yes,MX-2017-CM1244582-43085,Central America
969,Yes,MX-2015-JG1511582-42313,Central America
970,Yes,MX-2017-PO1885082-43010,Central America
971,Yes,MX-2017-TB2135582-42910,Central America
972,Yes,MX-2017-TD2099582-43100,Central America
973,Yes,MX-2014-QJ1925582-41680,Central America
974,Yes,US-2017-EH1394582-42816,Central America
975,Yes,US-2017-FH1436582-43058,Central America
976,Yes,MX-2017-CD1192082-42916,Central America
977,Yes,MX-2016-AR1040582-42549,Central America
978,Yes,US-2015-AC1042082-42101,Central America
979,Yes,MX-2014-KD1649582-41932,Central America
980,Yes,MX-2015-AR1057082-42287,Central America
981,Yes,MX-2016-DG1330082-42609,Central America
982,Yes,MX-2014-BD1156082-41802,Central America
983,Yes,MX-2016-JL1550582-42692,Central America
984,Yes,US-2014-SD2048582-41735,Central America
985,Yes,MX-2014-LT1711082-41679,Central America
986,Yes,MX-2017-GZ1454582-42995,Central America
987,Yes,MX-2016-RW1963082-42681,Central America
988,Yes,MX-2014-JH1618082-41971,Central America
989,Yes,MX-2016-MG1814582-42505,Central America
990,Yes,MX-2015-CR1273082-42177,Central America
991,Yes,MX-2015-SP2092082-42115,Central America
992,Yes,MX-2016-HA1492082-42514,Central America
993,Yes,MX-2015-JM1565582-42103,Central America
994,Yes,MX-2014-GP1474082-41957,Central America
995,Yes,MX-2014-PG1882082-41918,Central America
996,Yes,MX-2014-BD1163582-41979,Central America
997,Yes,MX-2014-ZC2191082-41928,Central America
998,Yes,MX-2014-LD1685582-41854,Central America
999,Yes,MX-2016-PV1898582-42373,Central America
1000,Yes,MX-2017-AH1021082-43045,Central America
1001,Yes,US-2016-KC1625582-42595,Central America
1002,Yes,MX-2016-MC1742582-42633,Central America
1003,Yes,MX-2014-HZ1495082-41896,Central America
1004,Yes,MX-2016-TW2102582-42413,Central America
1005,Yes,MX-2016-CD1192082-42729,Central America
1006,Yes,MX-2016-SM2000582-42560,Central America
1007,Yes,US-2015-EM1396082-42196,Central America
1008,Yes,US-2015-CG1204082-42082,Central America
1009,Yes,MX-2015-DL1333082-42288,Central America
1010,Yes,US-2017-BD1132082-43095,Central America
1011,Yes,MX-2017-LC1714082-42966,Central America
1012,Yes,US-2015-SV2036582-42197,Central America
1013,Yes,MX-2017-AT1043582-42798,Central America
1014,Yes,MX-2017-EG1390082-43064,Central America
1015,Yes,MX-2015-MH1729082-42171,Central America
1016,Yes,US-2014-LO1717082-41807,Central America
1017,Yes,US-2017-LR1691582-42951,Central America
1018,Yes,US-2017-MZ1733582-42878,Central America
1019,Yes,MX-2014-PM1894082-41649,Central America
1020,Yes,MX-2015-LS1724582-42261,Central America
1021,Yes,MX-2015-AR1054082-42275,Central America
1022,Yes,MX-2016-PS1876082-42634,Central America
1023,Yes,MX-2015-SC2023082-42278,Central America
1024,Yes,MX-2016-DB1361582-42444,Central America
1025,Yes,MX-2017-RF1934582-43036,Central America
1026,Yes,US-2016-TB2125082-42718,Central America
1027,Yes,MX-2015-BS1138082-42280,Central America
1028,Yes,MX-2016-NP1868582-42545,Central America
1029,Yes,MX-2014-SS2014082-41908,Central America
1030,Yes,MX-2014-RK1930082-41718,Central America
1031,Yes,MX-2016-MG1787582-42708,Central America
1032,Yes,MX-2016-SC2023082-42449,Central America
1033,Yes,MX-2014-NB1858082-42001,Central America
1034,Yes,MX-2016-BP1115582-42430,Central America
1035,Yes,MX-2016-JM1586582-42619,Central America
1036,Yes,MX-2016-BP1115582-42430,Central America
1037,Yes,MX-2014-DC1328582-41756,Central America
1038,Yes,MX-2017-KH1651082-42875,Central America
1039,Yes,MX-2016-AH1012082-42598,Central America
1040,Yes,US-2014-JK1520582-41809,Central America
1041,Yes,MX-2017-CH1207082-43011,Central America
1042,Yes,MX-2014-JP1613582-41904,Central America
1043,Yes,MX-2016-LH1690082-42674,Central America
1044,Yes,MX-2015-EA1403582-42272,Central America
1045,Yes,MX-2016-SG2047082-42528,Central America
1046,Yes,MX-2016-SK1999082-42633,Central America
1047,Yes,MX-2016-SK1999082-42633,Central America
1048,Yes,MX-2014-MW1823582-41930,Central America
1049,Yes,MX-2016-SS2041082-42643,Central America
1050,Yes,US-2016-NS1864082-42505,Central America
1051,Yes,MX-2014-MF1825082-42003,Central America
1052,Yes,MX-2017-BF1102082-42912,Central America
1053,Yes,MX-2016-SE2011082-42625,Central America
1054,Yes,MX-2017-TB2117582-42989,Central America
1055,Yes,MD-2017-BS136583-42867,Eastern Europe
1056,Yes,MD-2017-MC742583-42991,Eastern Europe
1057,Yes,MD-2014-PO918083-41680,Eastern Europe
1058,Yes,MG-2015-SS1014084-42233,Eastern Asia
1059,Yes,MO-2016-GK462086-42472,North Africa
1060,Yes,MO-2014-ED388586-41806,North Africa
1061,Yes,MO-2015-SC1023086-42178,North Africa
1062,Yes,MO-2014-NC834086-41665,North Africa
1063,Yes,MO-2014-NC834086-41665,North Africa
1064,Yes,MO-2017-KW657086-43052,North Africa
1065,Yes,MO-2014-JF541586-41996,North Africa
1066,Yes,MO-2014-LW721586-41974,North Africa
1067,Yes,MO-2016-FM421586-42632,North Africa
1068,Yes,MO-2016-AB25586-42697,North Africa
1069,Yes,MO-2014-EM396086-41682,North Africa
1070,Yes,MO-2016-SB1018586-42638,North Africa
1071,Yes,MO-2017-LC705086-42980,North Africa
1072,Yes,MO-2015-PN877586-42216,North Africa
1073,Yes,MO-2016-KH669086-42561,North Africa
1074,Yes,MO-2014-LR703586-41753,North Africa
1075,Yes,MO-2017-DO343586-43058,North Africa
1076,Yes,MO-2014-TS1150586-41748,North Africa
1077,Yes,MO-2016-BN147086-42385,North Africa
1078,Yes,MO-2014-LP708086-41666,North Africa
1079,Yes,MO-2014-KT646586-41965,North Africa
1080,Yes,MO-2016-JG511586-42602,North Africa
1081,Yes,MO-2017-LC693086-42857,North Africa
1082,Yes,MZ-2016-DG330087-42722,Eastern Africa
1083,Yes,MZ-2016-DS303087-42545,Eastern Africa
1084,Yes,MZ-2017-RD993087-42871,Eastern Africa
1085,Yes,MZ-2014-TS1161087-41776,Eastern Africa
1086,Yes,MZ-2014-EM409587-41965,Eastern Africa
1087,Yes,MZ-2014-SF1006587-41711,Eastern Africa
1088,Yes,ID-2016-NK1849088-42379,Southeastern Asia
1089,Yes,IN-2017-EG1390088-43017,Southeastern Asia
1090,Yes,IN-2014-TB2162588-41907,Southeastern Asia
1091,Yes,IN-2015-OT1873088-42171,Southeastern Asia
1092,Yes,WA-2017-TB1152089-42921,Southern Africa
1093,Yes,IN-2015-OT1873090-42283,Southern Asia
1094,Yes,IN-2017-SS2059090-43008,Southern Asia
1095,Yes,IT-2015-CL1256591-42183,Western Europe
1096,Yes,IT-2016-BD1163591-42629,Western Europe
1097,Yes,IT-2017-SG2047091-42994,Western Europe
1098,Yes,IT-2017-PV1898591-43056,Western Europe
1099,Yes,IT-2017-PV1898591-43056,Western Europe
1100,Yes,IT-2016-MC1742591-42659,Western Europe
1101,Yes,IT-2017-JK1564091-43100,Western Europe
1102,Yes,IT-2016-BK1126091-42386,Western Europe
1103,Yes,IT-2017-CJ1201091-43067,Western Europe
1104,Yes,IT-2015-HG1484591-42078,Western Europe
1105,Yes,IT-2015-JS1594091-42231,Western Europe
1106,Yes,IT-2015-JS1594091-42231,Western Europe
1107,Yes,IT-2014-TS2165591-41875,Western Europe
1108,Yes,IT-2017-SB2017091-43098,Western Europe
1109,Yes,IT-2016-DD1357091-42372,Western Europe
1110,Yes,IT-2014-DL1333091-41875,Western Europe
1111,Yes,IT-2014-SG2060591-41847,Western Europe
1112,Yes,IT-2015-MG1789091-42240,Western Europe
1113,Yes,ES-2017-SH2039591-42895,Western Europe
1114,Yes,ES-2016-NP1870091-42595,Western Europe
1115,Yes,ES-2017-MG1769591-43066,Western Europe
1116,Yes,ID-2017-EJ1415592-43030,Oceania
1117,Yes,IN-2017-LH1675092-42949,Oceania
1118,Yes,ID-2016-AW1084092-42563,Oceania
1119,Yes,ID-2017-EJ1415592-43066,Oceania
1120,Yes,ID-2014-BT1139592-41916,Oceania
1121,Yes,ID-2015-BF1100592-42201,Oceania
1122,Yes,ID-2014-DA1345092-41831,Oceania
1123,Yes,ID-2014-SH2039592-41879,Oceania
1124,Yes,ID-2017-FW1439592-42963,Oceania
1125,Yes,ID-2017-RP1939092-43085,Oceania
1126,Yes,IN-2017-HZ1495092-42954,Oceania
1127,Yes,ID-2014-BB1154592-41942,Oceania
1128,Yes,ID-2016-AG1090092-42687,Oceania
1129,Yes,IN-2015-MY1738092-42313,Oceania
1130,Yes,IN-2015-EC1405092-42173,Oceania
1131,Yes,IN-2017-TB2162592-42892,Oceania
1132,Yes,IN-2015-BF1127592-42363,Oceania
1133,Yes,IN-2017-JH1598592-43077,Oceania
1134,Yes,IN-2016-CA1277592-42471,Oceania
1135,Yes,IN-2014-ME1732092-41789,Oceania
1136,Yes,ID-2014-NB1858092-41971,Oceania
1137,Yes,ID-2015-BM1178592-42086,Oceania
1138,Yes,ID-2017-PK1907592-42764,Oceania
1139,Yes,ID-2015-AS1063092-42364,Oceania
1140,Yes,IN-2017-JG1580592-43058,Oceania
1141,Yes,IN-2015-MD1786092-42321,Oceania
1142,Yes,IN-2017-JG1580592-42851,Oceania
1143,Yes,IN-2016-CK1259592-42660,Oceania
1144,Yes,IN-2014-AS1028592-41981,Oceania
1145,Yes,IN-2016-EM1381092-42623,Oceania
1146,Yes,IN-2016-JH1591092-42690,Oceania
1147,Yes,MX-2015-CS1186093-42310,Central America
1148,Yes,MX-2014-JS1568593-41893,Central America
1149,Yes,MX-2016-AS1009093-42526,Central America
1150,Yes,MX-2017-SB2018593-42853,Central America
1151,Yes,MX-2017-AB1001593-42750,Central America
1152,Yes,MX-2017-PL1892593-42940,Central America
1153,Yes,MX-2015-ON1871593-42309,Central America
1154,Yes,MX-2017-SC2038093-42882,Central America
1155,Yes,MX-2016-SW2075593-42664,Central America
1156,Yes,MX-2017-MS1777093-43066,Central America
1157,Yes,MX-2017-NP1868593-43038,Central America
1158,Yes,US-2017-MH1811593-42893,Central America
1159,Yes,MX-2016-PK1907593-42443,Central America
1160,Yes,MX-2016-FW1439593-42500,Central America
1161,Yes,MX-2015-MC1727593-42363,Central America
1162,Yes,MX-2016-BS1166593-42545,Central America
1163,Yes,MX-2015-NS1864093-42140,Central America
1164,Yes,MX-2016-SG2047093-42406,Central America
1165,Yes,MX-2017-BN1147093-42953,Central America
1166,Yes,MX-2014-CK1232593-41750,Central America
1167,Yes,MX-2017-NP1868593-42988,Central America
1168,Yes,MX-2017-JB1540093-42953,Central America
1169,Yes,MX-2017-MY1829593-43086,Central America
1170,Yes,MX-2017-MY1829593-43086,Central America
1171,Yes,MX-2015-CL1189093-42168,Central America
1172,Yes,NG-2016-SC1068094-42595,Western Africa
1173,Yes,NI-2014-DW348095-41744,Western Africa
1174,Yes,NI-2017-TC1098095-42764,Western Africa
1175,Yes,NI-2015-AW93095-42198,Western Africa
1176,Yes,NI-2014-AS63095-41809,Western Africa
1177,Yes,NI-2014-AJ96095-41700,Western Africa
1178,Yes,NI-2015-IG508595-42163,Western Africa
1179,Yes,NI-2017-JO514595-42841,Western Africa
1180,Yes,NI-2014-EH376595-41937,Western Africa
1181,Yes,NI-2017-SH997595-43036,Western Africa
1182,Yes,NI-2014-KB660095-41953,Western Africa
1183,Yes,NI-2016-DM334595-42441,Western Africa
1184,Yes,NI-2016-RA988595-42400,Western Africa
1185,Yes,NI-2017-FM438095-42884,Western Africa
1186,Yes,NI-2016-GW460595-42626,Western Africa
1187,Yes,NI-2016-EG390095-42730,Western Africa
1188,Yes,NI-2014-AG52595-41812,Western Africa
1189,Yes,NI-2016-DL292595-42383,Western Africa
1190,Yes,NI-2015-GT471095-42020,Western Africa
1191,Yes,NI-2017-LC705095-43093,Western Africa
1192,Yes,NI-2016-SC1030595-42597,Western Africa
1193,Yes,NI-2016-CM183095-42720,Western Africa
1194,Yes,NI-2016-MH745595-42426,Western Africa
1195,Yes,NI-2017-AG90095-43077,Western Africa
1196,Yes,NI-2015-JB600095-42351,Western Africa
1197,Yes,NI-2016-SA1083095-42695,Western Africa
1198,Yes,NI-2014-EH376595-41748,Western Africa
1199,Yes,NI-2014-ME732095-41960,Western Africa
1200,Yes,NI-2017-CG252095-42755,Western Africa
1201,Yes,NI-2016-SD1048595-42633,Western Africa
1202,Yes,NI-2014-DV304595-41851,Western Africa
1203,Yes,NI-2016-CR273095-42589,Western Africa
1204,Yes,NI-2014-JM558095-42000,Western Africa
1205,Yes,NI-2017-JF529595-43037,Western Africa
1206,Yes,NI-2017-JS588095-42892,Western Africa
1207,Yes,NI-2015-JD579095-42240,Western Africa
1208,Yes,IT-2016-MY1738096-42525,Northern Europe
1209,Yes,ES-2015-TM2101096-42299,Northern Europe
1210,Yes,IN-2015-EN1378097-42323,Southern Asia
1211,Yes,ID-2014-SC2026097-41894,Southern Asia
1212,Yes,IN-2017-GR1456097-42840,Southern Asia
1213,Yes,IN-2017-MG1789097-42753,Southern Asia
1214,Yes,ID-2017-BF1117097-43023,Southern Asia
1215,Yes,ID-2016-RB1946597-42689,Southern Asia
1216,Yes,ID-2017-SG2089097-42816,Southern Asia
1217,Yes,ID-2017-CP1234097-42865,Southern Asia
1218,Yes,ID-2017-EB1411097-42819,Southern Asia
1219,Yes,ID-2017-NM1852097-42994,Southern Asia
1220,Yes,ID-2016-VT2170097-42643,Southern Asia
1221,Yes,ID-2016-TN2104097-42469,Southern Asia
1222,Yes,MX-2016-LB1679598-42664,Central America
1223,Yes,US-2015-DK1283598-42125,Central America
1224,Yes,US-2017-KW1643598-43018,Central America
1225,Yes,MX-2014-CS1249098-41797,Central America
1226,Yes,US-2016-CD1192098-42484,Central America
1227,Yes,US-2017-GZ1447098-43058,Central America
1228,Yes,US-2017-BS1175598-43013,Central America
1229,Yes,US-2017-JD1579098-42941,Central America
1230,Yes,US-2016-DP1300098-42706,Central America
1231,Yes,US-2016-MG1768098-42699,Central America
1232,Yes,MX-2014-AJ1079598-41998,Central America
1233,Yes,IN-2016-TT2107099-42535,Oceania
1234,Yes,MX-2016-MC18130100-42584,South America
1235,Yes,MX-2014-LB16795101-41882,South America
1236,Yes,US-2016-MP17470101-42713,South America
1237,Yes,MX-2015-SH20635101-42094,South America
1238,Yes,US-2017-LR16915101-42911,South America
1239,Yes,US-2017-LR16915101-42911,South America
1240,Yes,US-2017-BK11260101-42809,South America
1241,Yes,US-2015-CS11845101-42337,South America
1242,Yes,ID-2016-LF17185102-42378,Southeastern Asia
1243,Yes,ID-2017-BS11380102-42939,Southeastern Asia
1244,Yes,IN-2015-DS13030102-42188,Southeastern Asia
1245,Yes,ID-2017-LR17035102-42818,Southeastern Asia
1246,Yes,IN-2014-SC20680102-41650,Southeastern Asia
1247,Yes,IN-2014-PH18790102-41897,Southeastern Asia
1248,Yes,ID-2016-SM20005102-42616,Southeastern Asia
1249,Yes,ID-2017-HM14980102-42965,Southeastern Asia
1250,Yes,ID-2016-SC20695102-42397,Southeastern Asia
1251,Yes,ID-2017-MH17620102-42885,Southeastern Asia
1252,Yes,ID-2016-CK12205102-42681,Southeastern Asia
1253,Yes,IN-2017-KB16405102-42779,Southeastern Asia
1254,Yes,ID-2015-HM14860102-42278,Southeastern Asia
1255,Yes,ID-2015-SH20395102-42301,Southeastern Asia
1256,Yes,ID-2014-JP15520102-41981,Southeastern Asia
1257,Yes,ID-2016-CK12205102-42681,Southeastern Asia
1258,Yes,ID-2015-SL20155102-42314,Southeastern Asia
1259,Yes,ID-2017-CD11920102-43016,Southeastern Asia
1260,Yes,ID-2017-JB16000102-42886,Southeastern Asia
1261,Yes,IN-2015-SW20755102-42211,Southeastern Asia
1262,Yes,ID-2017-RF19735102-43099,Southeastern Asia
1263,Yes,IN-2014-JF15565102-41851,Southeastern Asia
1264,Yes,ID-2014-MY18295102-41653,Southeastern Asia
1265,Yes,ID-2014-SV20935102-41995,Southeastern Asia
1266,Yes,ID-2016-SC20695102-42397,Southeastern Asia
1267,Yes,ID-2017-EM13825102-42750,Southeastern Asia
1268,Yes,ID-2014-PM19135102-41980,Southeastern Asia
1269,Yes,ID-2016-SJ20125102-42420,Southeastern Asia
1270,Yes,ID-2017-TT21070102-43008,Southeastern Asia
1271,Yes,ID-2017-NH18610102-43080,Southeastern Asia
1272,Yes,ID-2017-KB16405102-43070,Southeastern Asia
1273,Yes,IN-2014-JF15565102-41851,Southeastern Asia
1274,Yes,IN-2016-PF19225102-42531,Southeastern Asia
1275,Yes,ID-2015-BF11215102-42198,Southeastern Asia
1276,Yes,ID-2015-LE16810102-42273,Southeastern Asia
1277,Yes,IN-2017-LA16780102-42826,Southeastern Asia
1278,Yes,ID-2016-SP20620102-42610,Southeastern Asia
1279,Yes,IN-2015-EM14140102-42275,Southeastern Asia
1280,Yes,IN-2017-RM19750102-43053,Southeastern Asia
1281,Yes,ID-2014-AG10330102-41970,Southeastern Asia
1282,Yes,PL-2016-NM8445103-42585,Eastern Europe
1283,Yes,PL-2014-PB9150103-41845,Eastern Europe
1284,Yes,PL-2015-TS11160103-42124,Eastern Europe
1285,Yes,PL-2015-TS11160103-42124,Eastern Europe
1286,Yes,PL-2017-RR9315103-42868,Eastern Europe
1287,Yes,PL-2015-FM4290103-42062,Eastern Europe
1288,Yes,IT-2017-MS17365104-43095,Southern Europe
1289,Yes,IT-2016-EM13960104-42638,Southern Europe
1290,Yes,CF-2014-IM5055106-41954,Central Africa
1291,Yes,RO-2017-IM5055107-42811,Eastern Europe
1292,Yes,RO-2015-NP8670107-42092,Eastern Europe
1293,Yes,RO-2017-NM8445107-42989,Eastern Europe
1294,Yes,RO-2016-TZ11445107-42707,Eastern Europe
1295,Yes,RO-2014-SF10065107-41700,Eastern Europe
1296,Yes,RO-2017-TW11025107-42807,Eastern Europe
1297,Yes,RS-2017-SB10290108-42813,Eastern Europe
1298,Yes,RS-2016-JL5130108-42708,Eastern Europe
1299,Yes,RS-2014-MM8280108-41684,Eastern Europe
1300,Yes,RS-2017-JP6135108-43074,Eastern Europe
1301,Yes,RS-2016-TB11250108-42644,Eastern Europe
1302,Yes,RS-2016-LC6870108-42540,Eastern Europe
1303,Yes,RS-2017-EG3900108-43049,Eastern Europe
1304,Yes,RS-2014-JL5505108-41808,Eastern Europe
1305,Yes,RS-2017-BK1260108-43060,Eastern Europe
1306,Yes,RS-2016-HE4800108-42594,Eastern Europe
1307,Yes,RS-2014-SB10185108-42000,Eastern Europe
1308,Yes,RS-2016-MC7575108-42534,Eastern Europe
1309,Yes,RS-2017-DP3000108-43086,Eastern Europe
1310,Yes,SA-2016-RF9345110-42557,Western Asia
1311,Yes,SA-2015-SH9975110-42149,Western Asia
1312,Yes,SA-2016-RF9345110-42557,Western Asia
1313,Yes,SA-2014-DP3390110-41902,Western Asia
1314,Yes,SA-2016-Dl3600110-42634,Western Asia
1315,Yes,SA-2017-HL5040110-42912,Western Asia
1316,Yes,SA-2017-TM11490110-43045,Western Asia
1317,Yes,SA-2017-BF975110-43078,Western Asia
1318,Yes,SA-2017-MW8220110-42836,Western Asia
1319,Yes,SA-2015-JB6000110-42230,Western Asia
1320,Yes,SA-2017-CK2325110-42904,Western Asia
1321,Yes,SA-2017-MD7860110-42997,Western Asia
1322,Yes,SG-2017-ZD11925111-42889,Western Africa
1323,Yes,SG-2016-HF4995111-42710,Western Africa
1324,Yes,SL-2015-SM10905112-42347,Western Africa
1325,Yes,IN-2015-SW20755113-42342,Southeastern Asia
1326,Yes,IN-2015-AB10165113-42301,Southeastern Asia
1327,Yes,ID-2016-ML17410113-42486,Southeastern Asia
1328,Yes,ID-2016-SM20905113-42615,Southeastern Asia
1329,Yes,IN-2016-DK13375113-42727,Southeastern Asia
1330,Yes,SO-2016-SC10725116-42531,Eastern Africa
1331,Yes,SO-2016-ME7725116-42470,Eastern Africa
1332,Yes,SO-2014-AJ945116-41790,Eastern Africa
1333,Yes,SF-2017-BW1065117-43078,Southern Africa
1334,Yes,SF-2016-EL3735117-42606,Southern Africa
1335,Yes,SF-2017-SC10695117-42926,Southern Africa
1336,Yes,SF-2016-JD6060117-42378,Southern Africa
1337,Yes,SF-2014-AG675117-41706,Southern Africa
1338,Yes,SF-2017-DN3690117-43088,Southern Africa
1339,Yes,SF-2016-CA2775117-42623,Southern Africa
1340,Yes,SF-2017-JL5175117-42976,Southern Africa
1341,Yes,SF-2016-NB8580117-42672,Southern Africa
1342,Yes,SF-2016-MG7650117-42605,Southern Africa
1343,Yes,SF-2017-ML7755117-42791,Southern Africa
1344,Yes,SF-2017-PW9240117-42981,Southern Africa
1345,Yes,SF-2017-CD2280117-43022,Southern Africa
1346,Yes,SF-2016-HD4785117-42563,Southern Africa
1347,Yes,ID-2017-CS11845118-42899,Eastern Asia
1348,Yes,ID-2015-GZ14545118-42209,Eastern Asia
1349,Yes,ID-2014-CS12130118-41987,Eastern Asia
1350,Yes,ID-2016-SV20365118-42617,Eastern Asia
1351,Yes,ID-2016-GM14440118-42632,Eastern Asia
1352,Yes,ES-2015-MP18175120-42356,Southern Europe
1353,Yes,ES-2015-ML18265120-42317,Southern Europe
1354,Yes,ES-2017-PW19030120-43093,Southern Europe
1355,Yes,ES-2015-RH19510120-42009,Southern Europe
1356,Yes,ES-2014-GP14740120-41991,Southern Europe
1357,Yes,ES-2017-SC20050120-42834,Southern Europe
1358,Yes,ES-2016-TB21595120-42668,Southern Europe
1359,Yes,ES-2015-BF11275120-42238,Southern Europe
1360,Yes,ES-2016-BV11245120-42418,Southern Europe
1361,Yes,IT-2014-RD19930120-41952,Southern Europe
1362,Yes,IT-2016-EH14005120-42723,Southern Europe
1363,Yes,ES-2017-SJ20215120-42969,Southern Europe
1364,Yes,ES-2016-RD19480120-42383,Southern Europe
1365,Yes,ES-2017-RD19480120-42896,Southern Europe
1366,Yes,ES-2014-BC11125120-41740,Southern Europe
1367,Yes,ES-2016-AC10420120-42587,Southern Europe
1368,Yes,ES-2015-SO20335120-42348,Southern Europe
1369,Yes,ES-2016-JM15265120-42716,Southern Europe
1370,Yes,ES-2017-MZ17335120-42912,Southern Europe
1371,Yes,ES-2015-SB20185120-42121,Southern Europe
1372,Yes,ES-2017-SJ20125120-43068,Southern Europe
1373,Yes,ES-2017-TA21385120-43074,Southern Europe
1374,Yes,ES-2017-BC11125120-42916,Southern Europe
1375,Yes,ES-2016-JK15370120-42685,Southern Europe
1376,Yes,ES-2016-SR20740120-42535,Southern Europe
1377,Yes,ES-2015-DB13660120-42208,Southern Europe
1378,Yes,ES-2015-LE16810120-42320,Southern Europe
1379,Yes,ES-2017-BP11095120-42962,Southern Europe
1380,Yes,ES-2015-MG17695120-42296,Southern Europe
1381,Yes,ES-2014-PS18760120-41871,Southern Europe
1382,Yes,ES-2016-TM21010120-42731,Southern Europe
1383,Yes,ES-2017-OT18730120-42947,Southern Europe
1384,Yes,ES-2017-CJ11875120-42751,Southern Europe
1385,Yes,ES-2014-JL15235120-41706,Southern Europe
1386,Yes,ES-2016-CP12340120-42469,Southern Europe
1387,Yes,ES-2017-BS11665120-43071,Southern Europe
1388,Yes,ES-2014-RD19585120-41945,Southern Europe
1389,Yes,ES-2014-BP11290120-41971,Southern Europe
1390,Yes,ES-2017-DF13135120-43054,Southern Europe
1391,Yes,IN-2016-DE13255121-42567,Southern Asia
1392,Yes,SU-2017-BW1200122-42967,North Africa
1393,Yes,SU-2014-JC5340122-41643,North Africa
1394,Yes,SU-2017-BB990122-43010,North Africa
1395,Yes,SU-2017-CA2265122-42967,North Africa
1396,Yes,SU-2015-SS10515122-42322,North Africa
1397,Yes,IT-2017-GR14560124-43051,Northern Europe
1398,Yes,IT-2017-MK18160124-43078,Northern Europe
1399,Yes,IT-2017-CM12655124-42773,Northern Europe
1400,Yes,IT-2015-PS18760124-42272,Northern Europe
1401,Yes,IT-2015-LH17155124-42240,Northern Europe
1402,Yes,IT-2016-CS12490124-42525,Northern Europe
1403,Yes,ES-2017-JL15175125-42913,Western Europe
1404,Yes,ES-2017-MG17650125-42963,Western Europe
1405,Yes,IT-2015-PF19225125-42230,Western Europe
1406,Yes,IT-2015-JK16090125-42316,Western Europe
1407,Yes,IT-2014-SJ20215125-41691,Western Europe
1408,Yes,SY-2016-AW840126-42548,Western Asia
1409,Yes,TZ-2017-JL5835129-42787,Eastern Africa
1410,Yes,TZ-2016-MK7905129-42562,Eastern Africa
1411,Yes,TZ-2017-JS5940129-42966,Eastern Africa
1412,Yes,TZ-2015-MO7800129-42338,Eastern Africa
1413,Yes,TZ-2016-KB6240129-42385,Eastern Africa
1414,Yes,TZ-2016-CV2805129-42385,Eastern Africa
1415,Yes,TZ-2016-SC10050129-42731,Eastern Africa
1416,Yes,TZ-2017-LW6825129-43044,Eastern Africa
1417,Yes,TZ-2017-CS2175129-43043,Eastern Africa
1418,Yes,ID-2016-KH16690130-42491,Southeastern Asia
1419,Yes,ID-2014-MC17845130-41945,Southeastern Asia
1420,Yes,ID-2017-EM14200130-42981,Southeastern Asia
1421,Yes,ID-2015-JK16090130-42168,Southeastern Asia
1422,Yes,ID-2015-EM14200130-42232,Southeastern Asia
1423,Yes,ID-2015-BN11470130-42363,Southeastern Asia
1424,Yes,ID-2017-TP21130130-42952,Southeastern Asia
1425,Yes,IN-2016-AH10585130-42496,Southeastern Asia
1426,Yes,ID-2014-BD11605130-41649,Southeastern Asia
1427,Yes,ID-2016-BP11290130-42692,Southeastern Asia
1428,Yes,IN-2016-JS16030130-42653,Southeastern Asia
1429,Yes,IN-2016-AC10420130-42605,Southeastern Asia
1430,Yes,TO-2017-BG1695131-43056,Western Africa
1431,Yes,TO-2015-PC8745131-42005,Western Africa
1432,Yes,TO-2016-LH7020131-42730,Western Africa
1433,Yes,TO-2017-JO5550131-43088,Western Africa
1434,Yes,MX-2017-PF19120132-43003,Caribbean
1435,Yes,TU-2014-LO7170134-41998,Western Asia
1436,Yes,TU-2016-LC6885134-42449,Western Asia
1437,Yes,TU-2015-HZ4950134-42245,Western Asia
1438,Yes,TU-2016-DB3210134-42518,Western Asia
1439,Yes,TU-2014-PM8940134-41860,Western Asia
1440,Yes,TU-2016-RD9660134-42559,Western Asia
1441,Yes,TU-2017-VP11730134-42938,Western Asia
1442,Yes,TU-2014-NW8400134-41791,Western Asia
1443,Yes,TU-2015-TB11280134-42356,Western Asia
1444,Yes,TU-2015-DF3135134-42174,Western Asia
1445,Yes,TU-2017-LF7185134-42923,Western Asia
1446,Yes,TU-2016-CA1965134-42559,Western Asia
1447,Yes,TU-2016-CA1965134-42559,Western Asia
1448,Yes,TU-2016-KH6630134-42616,Western Asia
1449,Yes,TU-2015-VM11685134-42092,Western Asia
1450,Yes,TU-2017-CR2820134-42860,Western Asia
1451,Yes,TU-2014-VD11670134-41989,Western Asia
1452,Yes,TU-2016-LS7230134-42689,Western Asia
1453,Yes,TU-2016-SF10200134-42442,Western Asia
1454,Yes,TU-2015-CR2625134-42303,Western Asia
1455,Yes,TU-2016-DC3285134-42708,Western Asia
1456,Yes,TU-2014-RA9285134-41946,Western Asia
1457,Yes,TU-2014-BD1635134-41792,Western Asia
1458,Yes,TU-2014-CM1830134-41995,Western Asia
1459,Yes,TU-2014-AJ960134-41924,Western Asia
1460,Yes,TU-2017-EB3840134-43057,Western Asia
1461,Yes,TU-2017-RM9750134-42997,Western Asia
1462,Yes,TU-2016-SP10620134-42637,Western Asia
1463,Yes,TU-2015-DL2925134-42264,Western Asia
1464,Yes,TU-2014-MT8070134-41796,Western Asia
1465,Yes,TU-2017-AS10045134-42867,Western Asia
1466,Yes,TU-2016-RP9855134-42700,Western Asia
1467,Yes,TU-2014-JS5940134-41753,Western Asia
1468,Yes,TU-2014-JS5940134-41753,Western Asia
1469,Yes,TU-2016-JP5460134-42626,Western Asia
1470,Yes,TU-2014-MO7800134-41965,Western Asia
1471,Yes,TU-2016-DH3675134-42465,Western Asia
1472,Yes,TU-2015-NP8700134-42310,Western Asia
1473,Yes,TU-2017-ML8265134-42900,Western Asia
1474,Yes,TU-2015-BD1770134-42180,Western Asia
1475,Yes,TU-2017-BV1245134-42855,Western Asia
1476,Yes,TU-2017-SV10815134-42848,Western Asia
1477,Yes,TU-2016-KH6330134-42518,Western Asia
1478,Yes,TU-2017-CA2775134-42791,Western Asia
1479,Yes,TU-2017-BC1125134-42969,Western Asia
1480,Yes,TU-2015-BC1125134-42064,Western Asia
1481,Yes,TU-2017-KN6450134-42980,Western Asia
1482,Yes,TU-2017-SW10755134-43046,Western Asia
1483,Yes,TU-2017-GR4560134-42890,Western Asia
1484,Yes,TU-2017-SV10785134-43071,Western Asia
1485,Yes,TU-2017-KN6450134-42980,Western Asia
1486,Yes,TU-2016-BP1050134-42554,Western Asia
1487,Yes,TU-2015-ED3885134-42363,Western Asia
1488,Yes,TU-2017-TB11250134-42984,Western Asia
1489,Yes,TU-2015-SF10200134-42147,Western Asia
1490,Yes,TU-2016-MG7680134-42637,Western Asia
1491,Yes,TU-2015-KD6270134-42288,Western Asia
1492,Yes,TU-2015-HR4830134-42212,Western Asia
1493,Yes,TU-2017-CB2535134-42748,Western Asia
1494,Yes,TU-2017-IM5055134-42968,Western Asia
1495,Yes,TU-2016-HM4980134-42585,Western Asia
1496,Yes,TU-2017-NC8535134-42962,Western Asia
1497,Yes,TU-2017-JF5190134-42773,Western Asia
1498,Yes,TU-2014-CV2295134-41967,Western Asia
1499,Yes,TU-2017-RR9525134-43011,Western Asia
1500,Yes,TU-2017-BD1770134-42862,Western Asia
1501,Yes,UG-2017-SU10665136-42834,Eastern Africa
1502,Yes,UG-2015-MY7380136-42150,Eastern Africa
1503,Yes,UG-2016-GH4665136-42608,Eastern Africa
1504,Yes,UG-2014-MO7500136-41680,Eastern Africa
1505,Yes,UP-2014-MV7485137-41733,Eastern Europe
1506,Yes,UP-2017-JC5775137-43036,Eastern Europe
1507,Yes,UP-2014-SV10785137-41823,Eastern Europe
1508,Yes,UP-2016-EB3930137-42715,Eastern Europe
1509,Yes,UP-2017-SC10845137-42818,Eastern Europe
1510,Yes,UP-2016-LL6840137-42400,Eastern Europe
1511,Yes,UP-2014-DE3255137-41837,Eastern Europe
1512,Yes,UP-2015-ON8715137-42017,Eastern Europe
1513,Yes,UP-2016-GA4725137-42616,Eastern Europe
1514,Yes,UP-2016-KH6330137-42694,Eastern Europe
1515,Yes,UP-2016-JE5475137-42538,Eastern Europe
1516,Yes,UP-2017-JL5235137-42812,Eastern Europe
1517,Yes,UP-2016-VM11685137-42637,Eastern Europe
1518,Yes,UP-2017-ME7320137-42954,Eastern Europe
1519,Yes,UP-2017-DR2880137-42896,Eastern Europe
1520,Yes,UP-2017-FW4395137-43100,Eastern Europe
1521,Yes,UP-2014-RB9435137-41760,Eastern Europe
1522,Yes,UP-2016-MC7275137-42728,Eastern Europe
1523,Yes,UP-2016-AB15137-42597,Eastern Europe
1524,Yes,UP-2014-TH11550137-41831,Eastern Europe
1525,Yes,UP-2016-CM1935137-42454,Eastern Europe
1526,Yes,AE-2017-GH4665138-43082,Western Asia
1527,Yes,ES-2016-MV18190139-42605,Northern Europe
1528,Yes,ES-2015-LO17170139-42269,Northern Europe
1529,Yes,IT-2017-TS21340139-43018,Northern Europe
1530,Yes,IT-2016-HF14995139-42683,Northern Europe
1531,Yes,ES-2015-NL18310139-42268,Northern Europe
1532,Yes,IT-2016-HF14995139-42683,Northern Europe
1533,Yes,IT-2017-NW18400139-42919,Northern Europe
1534,Yes,ES-2015-AY10555139-42160,Northern Europe
1535,Yes,ES-2017-SW20755139-43085,Northern Europe
1536,Yes,ES-2015-DK12985139-42082,Northern Europe
1537,Yes,ES-2014-BS11590139-41961,Northern Europe
1538,Yes,ES-2017-TS21205139-42993,Northern Europe
1539,Yes,ES-2017-BE11455139-42911,Northern Europe
1540,Yes,ES-2016-NP18685139-42440,Northern Europe
1541,Yes,ES-2017-TH21550139-43025,Northern Europe
1542,Yes,ES-2017-TT21220139-43053,Northern Europe
1543,Yes,ES-2017-FH14275139-42960,Northern Europe
1544,Yes,ES-2014-MM18055139-41768,Northern Europe
1545,Yes,ES-2017-AA10315139-42951,Northern Europe
1546,Yes,ES-2015-NS18640139-42254,Northern Europe
1547,Yes,ES-2017-CM12235139-42952,Northern Europe
1548,Yes,ES-2016-KC16675139-42629,Northern Europe
1549,Yes,ES-2017-SJ20215139-43072,Northern Europe
1550,Yes,ES-2017-MW18220139-42984,Northern Europe
1551,Yes,ES-2017-JO15550139-42940,Northern Europe
1552,Yes,ES-2017-AI10855139-43015,Northern Europe
1553,Yes,ES-2015-KL16555139-42239,Northern Europe
1554,Yes,ES-2015-LT16765139-42176,Northern Europe
1555,Yes,ES-2017-JJ15760139-43088,Northern Europe
1556,Yes,ES-2016-MS17530139-42542,Northern Europe
1557,Yes,ES-2014-CA12265139-41908,Northern Europe
1558,Yes,ES-2016-DJ13420139-42658,Northern Europe
1559,Yes,ES-2015-JC16105139-42198,Northern Europe
1560,Yes,IT-2017-MB17305139-42921,Northern Europe
1561,Yes,ES-2016-AD10180139-42724,Northern Europe
1562,Yes,IT-2015-SR20425139-42239,Northern Europe
1563,Yes,ES-2014-RC19960139-41889,Northern Europe
1564,Yes,ES-2017-CW11905139-43092,Northern Europe
1565,Yes,IT-2015-AB10255139-42307,Northern Europe
1566,Yes,ES-2017-LC16930139-42762,Northern Europe
1567,Yes,ES-2017-RB19330139-43065,Northern Europe
1568,Yes,ES-2015-MC17590139-42355,Northern Europe
1569,Yes,ES-2015-CH12070139-42299,Northern Europe
1570,Yes,ES-2017-GT14755139-42947,Northern Europe
1571,Yes,ES-2015-JE15715139-42101,Northern Europe
1572,Yes,IT-2016-DB13405139-42618,Northern Europe
1573,Yes,ES-2016-MB18085139-42687,Northern Europe
1574,Yes,ES-2015-JG15310139-42083,Northern Europe
1575,Yes,ES-2014-BP11095139-41933,Northern Europe
1576,Yes,ES-2016-LP17095139-42503,Northern Europe
1577,Yes,ES-2016-CK12325139-42724,Northern Europe
1578,Yes,ES-2017-HH15010139-43046,Northern Europe
1579,Yes,ES-2014-SC20380139-41876,Northern Europe
1580,Yes,ES-2017-EM14200139-43014,Northern Europe
1581,Yes,ES-2015-CJ11875139-42199,Northern Europe
1582,Yes,ES-2017-SC20050139-42969,Northern Europe
1583,Yes,ES-2014-MC18130139-41790,Northern Europe
1584,Yes,ES-2017-PO18850139-42938,Northern Europe
1585,Yes,ES-2017-MJ17740139-42804,Northern Europe
1586,Yes,ES-2016-CC12475139-42722,Northern Europe
1587,Yes,ES-2015-EB14110139-42257,Northern Europe
1588,Yes,ES-2017-NP18685139-42897,Northern Europe
1589,Yes,ES-2017-EH14125139-42961,Northern Europe
1590,Yes,CA-2016-MC17425140-42701,Southern US
1591,Yes,CA-2015-NW18400140-42262,Southern US
1592,Yes,CA-2017-KM16375140-42787,Western US
1593,Yes,CA-2015-PF19120140-42170,Western US
1594,Yes,CA-2017-SV20935140-42850,Western US
1595,Yes,CA-2016-MZ17335140-42653,Western US
1596,Yes,CA-2014-RP19390140-41999,Western US
1597,Yes,CA-2016-TN21040140-42483,Western US
1598,Yes,CA-2016-BB10990140-42462,Western US
1599,Yes,CA-2014-ES14080140-41913,Western US
1600,Yes,CA-2014-DJ13510140-41867,Southern US
1601,Yes,CA-2017-IG15085140-43029,Southern US
1602,Yes,CA-2017-BD11620140-42736,Western US
1603,Yes,US-2016-GG14650140-42711,Western US
1604,Yes,CA-2017-BG11740140-43043,Western US
1605,Yes,CA-2017-PG18820140-43008,Western US
1606,Yes,CA-2015-EH13945140-42352,Western US
1607,Yes,CA-2017-JK15370140-43056,Western US
1608,Yes,CA-2014-LS17200140-41968,Western US
1609,Yes,US-2016-DL12865140-42639,Western US
1610,Yes,US-2016-DL12865140-42639,Western US
1611,Yes,CA-2015-GT14755140-42052,Western US
1612,Yes,CA-2015-AB10165140-42180,Western US
1613,Yes,CA-2016-AG10495140-42664,Western US
1614,Yes,CA-2014-AY10555140-41734,Western US
1615,Yes,US-2016-AP10720140-42711,Western US
1616,Yes,CA-2015-AI10855140-42358,Western US
1617,Yes,CA-2014-AP10915140-41953,Western US
1618,Yes,CA-2017-CV12805140-42785,Western US
1619,Yes,CA-2014-DP13390140-41824,Western US
1620,Yes,CA-2017-FH14275140-42989,Western US
1621,Yes,CA-2017-GA14725140-43051,Western US
1622,Yes,CA-2014-JM15265140-41875,Western US
1623,Yes,CA-2016-JE15610140-42513,Western US
1624,Yes,CA-2016-KF16285140-42440,Western US
1625,Yes,CA-2016-MH17455140-42700,Western US
1626,Yes,CA-2016-MC18130140-42731,Western US
1627,Yes,CA-2017-MG18145140-43016,Western US
1628,Yes,CA-2016-NM18520140-42708,Western US
1629,Yes,CA-2017-PS18760140-42843,Western US
1630,Yes,CA-2015-PG18895140-42355,Western US
1631,Yes,CA-2017-RA19285140-42983,Western US
1632,Yes,CA-2017-RS19765140-43024,Western US
1633,Yes,CA-2015-SB20185140-42146,Western US
1634,Yes,CA-2015-SM20320140-42363,Western US
1635,Yes,US-2016-SP20860140-42699,Western US
1636,Yes,CA-2017-SM20950140-42886,Western US
1637,Yes,CA-2017-WB21850140-42916,Western US
1638,Yes,CA-2016-XP21865140-42678,Western US
1639,Yes,CA-2017-ZC21910140-43046,Western US
1640,Yes,CA-2016-DN13690140-42727,Western US
1641,Yes,US-2017-PR18880140-42969,Western US
1642,Yes,CA-2017-BF11005140-43061,Western US
1643,Yes,CA-2015-SG20080140-42308,Western US
1644,Yes,CA-2016-NM18520140-42665,Western US
1645,Yes,CA-2016-LC16885140-42657,Western US
1646,Yes,CA-2017-JW15220140-43022,Western US
1647,Yes,US-2017-CR12580140-43043,Western US
1648,Yes,CA-2015-LC16960140-42339,Western US
1649,Yes,CA-2017-MK17905140-42961,Western US
1650,Yes,CA-2015-RA19285140-42363,Western US
1651,Yes,CA-2015-RH19510140-42247,Western US
1652,Yes,CA-2017-AH10120140-42834,Western US
1653,Yes,CA-2016-AH10465140-42496,Western US
1654,Yes,CA-2016-AR10540140-42643,Western US
1655,Yes,CA-2014-DS13030140-41828,Western US
1656,Yes,CA-2014-DS13030140-41828,Western US
1657,Yes,CA-2016-DB13615140-42713,Western US
1658,Yes,CA-2016-DB13615140-42713,Western US
1659,Yes,CA-2014-DN13690140-41923,Western US
1660,Yes,CA-2014-GZ14470140-41889,Western US
1661,Yes,CA-2015-GA14515140-42111,Western US
1662,Yes,CA-2016-GM14695140-42634,Western US
1663,Yes,CA-2014-GA14725140-41727,Western US
1664,Yes,CA-2017-HH15010140-43028,Western US
1665,Yes,US-2017-JK15370140-42961,Western US
1666,Yes,US-2014-JF15490140-41999,Western US
1667,Yes,CA-2014-JP15520140-41951,Western US
1668,Yes,CA-2014-JP15520140-41951,Western US
1669,Yes,US-2015-KW16570140-42328,Western US
1670,Yes,CA-2015-KB16585140-42124,Western US
1671,Yes,CA-2014-NP18325140-41841,Western US
1672,Yes,US-2014-PG18820140-41767,Western US
1673,Yes,CA-2014-RP19270140-41930,Western US
1674,Yes,CA-2015-SC20260140-42247,Western US
1675,Yes,CA-2014-SJ20500140-41920,Western US
1676,Yes,CA-2014-BT11305140-41753,Western US
1677,Yes,CA-2014-GM14680140-41768,Western US
1678,Yes,CA-2016-KD16495140-42630,Western US
1679,Yes,CA-2017-NS18505140-43010,Western US
1680,Yes,CA-2016-SP20920140-42674,Western US
1681,Yes,CA-2016-RB19465140-42511,Western US
1682,Yes,US-2016-NC18625140-42657,Western US
1683,Yes,CA-2016-JE15715140-42560,Western US
1684,Yes,CA-2015-SP20620140-42009,Western US
1685,Yes,US-2017-BS11380140-43072,Western US
1686,Yes,CA-2015-DG13300140-42302,Western US
1687,Yes,CA-2016-LS16945140-42570,Western US
1688,Yes,CA-2016-LC16885140-42539,Western US
1689,Yes,CA-2017-SR20425140-42843,Western US
1690,Yes,CA-2017-SR20425140-42843,Western US
1691,Yes,CA-2017-TS21505140-43089,Western US
1692,Yes,US-2016-LB16795140-42650,Western US
1693,Yes,CA-2017-CC12220140-43080,Eastern US
1694,Yes,US-2017-NM18520140-42856,Eastern US
1695,Yes,CA-2014-AA10480140-41762,Eastern US
1696,Yes,CA-2016-BT11680140-42482,Eastern US
1697,Yes,US-2017-JF15490140-42756,Eastern US
1698,Yes,US-2016-JM16195140-42689,Eastern US
1699,Yes,CA-2014-KB16315140-41876,Eastern US
1700,Yes,CA-2014-KB16315140-41876,Eastern US
1701,Yes,CA-2017-LB16795140-42948,Eastern US
1702,Yes,CA-2015-GT14710140-42121,Eastern US
1703,Yes,CA-2014-LW16825140-41820,Southern US
1704,Yes,CA-2016-JK15205140-42645,Southern US
1705,Yes,CA-2017-JH15430140-43095,Southern US
1706,Yes,US-2016-FO14305140-42675,Southern US
1707,Yes,CA-2014-XP21865140-41909,Southern US
1708,Yes,US-2017-TC21295140-43053,Southern US
1709,Yes,CA-2015-JE15610140-42166,Southern US
1710,Yes,CA-2015-CP12340140-42315,Southern US
1711,Yes,CA-2015-SC20575140-42286,Southern US
1712,Yes,CA-2016-KC16675140-42519,Southern US
1713,Yes,CA-2016-RB19465140-42496,Southern US
1714,Yes,CA-2015-RH19555140-42342,Southern US
1715,Yes,US-2017-CS12400140-42833,Southern US
1716,Yes,US-2016-LC16960140-42421,Southern US
1717,Yes,CA-2015-JH15910140-42167,Southern US
1718,Yes,CA-2016-AA10375140-42689,Southern US
1719,Yes,CA-2016-DL13495140-42386,Southern US
1720,Yes,CA-2017-TB21355140-42874,Southern US
1721,Yes,US-2016-PP18955140-42405,Southern US
1722,Yes,CA-2015-DP13390140-42134,Central US
1723,Yes,CA-2015-ZC21910140-42119,Central US
1724,Yes,CA-2017-BM11575140-42874,Central US
1725,Yes,CA-2016-CS11950140-42617,Central US
1726,Yes,CA-2017-CB12415140-43074,Central US
1727,Yes,CA-2017-DP13000140-42974,Central US
1728,Yes,CA-2017-EH13765140-42758,Central US
1729,Yes,CA-2015-EK13795140-42357,Central US
1730,Yes,US-2017-EB13930140-42939,Central US
1731,Yes,CA-2016-EA14035140-42416,Central US
1732,Yes,US-2014-JB15400140-41895,Central US
1733,Yes,CA-2014-JD16015140-41986,Central US
1734,Yes,CA-2016-KL16645140-42526,Central US
1735,Yes,CA-2016-LC16870140-42436,Central US
1736,Yes,US-2017-MY17380140-42940,Central US
1737,Yes,CA-2014-MC17425140-41788,Central US
1738,Yes,CA-2017-NS18640140-42926,Central US
1739,Yes,CA-2015-RL19615140-42197,Central US
1740,Yes,CA-2014-SB20185140-41901,Central US
1741,Yes,CA-2017-SJ20215140-42846,Central US
1742,Yes,CA-2015-PA19060140-42292,Central US
1743,Yes,US-2014-SR20740140-41958,Central US
1744,Yes,CA-2015-DP13000140-42112,Central US
1745,Yes,CA-2017-HR14770140-42750,Central US
1746,Yes,CA-2014-BT11395140-41939,Central US
1747,Yes,CA-2017-KM16225140-43042,Central US
1748,Yes,CA-2015-DK12985140-42345,Southern US
1749,Yes,CA-2014-KC16675140-41985,Southern US
1750,Yes,CA-2014-ME17320140-41646,Southern US
1751,Yes,CA-2015-JK16090140-42115,Southern US
1752,Yes,CA-2014-RM19675140-41961,Southern US
1753,Yes,CA-2015-EM13960140-42350,Eastern US
1754,Yes,US-2015-KB16585140-42073,Eastern US
1755,Yes,CA-2017-TH21550140-42969,Eastern US
1756,Yes,CA-2015-RM19675140-42278,Eastern US
1757,Yes,CA-2015-GP14740140-42334,Eastern US
1758,Yes,CA-2015-SF20965140-42337,Central US
1759,Yes,CA-2016-AA10480140-42609,Central US
1760,Yes,US-2015-AJ10945140-42156,Central US
1761,Yes,CA-2015-CA12775140-42349,Central US
1762,Yes,CA-2016-JA15970140-42615,Central US
1763,Yes,CA-2017-TP21130140-43092,Central US
1764,Yes,CA-2017-TH21550140-42913,Central US
1765,Yes,CA-2016-SC20680140-42580,Central US
1766,Yes,CA-2017-MH18115140-42757,Central US
1767,Yes,CA-2017-TB21520140-42993,Central US
1768,Yes,CA-2017-RF19735140-43011,Central US
1769,Yes,CA-2014-DW13480140-41790,Central US
1770,Yes,CA-2017-GT14710140-42969,Central US
1771,Yes,CA-2014-MP17470140-41959,Central US
1772,Yes,CA-2017-CT11995140-43004,Central US
1773,Yes,CA-2015-PO19180140-42318,Central US
1774,Yes,CA-2017-NF18385140-42969,Southern US
1775,Yes,CA-2016-AA10480140-42569,Central US
1776,Yes,CA-2017-PP18955140-42874,Central US
1777,Yes,CA-2017-PP18955140-42874,Central US
1778,Yes,CA-2017-AD10180140-42758,Western US
1779,Yes,CA-2017-AD10180140-42758,Western US
1780,Yes,CA-2017-LS17200140-43004,Western US
1781,Yes,CA-2017-YC21895140-43096,Central US
1782,Yes,CA-2016-AG10270140-42627,Central US
1783,Yes,US-2014-JE15610140-41925,Eastern US
1784,Yes,CA-2017-TC21145140-42994,Eastern US
1785,Yes,CA-2016-BP11155140-42550,Eastern US
1786,Yes,CA-2017-GH14410140-42784,Eastern US
1787,Yes,CA-2017-JG15160140-42963,Eastern US
1788,Yes,CA-2016-TB21355140-42394,Eastern US
1789,Yes,CA-2016-Dp13240140-42384,Eastern US
1790,Yes,CA-2014-DR12940140-41725,Western US
1791,Yes,US-2014-FC14335140-41921,Western US
1792,Yes,CA-2016-AB10060140-42615,Eastern US
1793,Yes,CA-2017-AS10135140-43059,Eastern US
1794,Yes,CA-2017-AC10615140-42981,Eastern US
1795,Yes,CA-2017-BF11080140-43075,Eastern US
1796,Yes,CA-2015-BM11575140-42262,Eastern US
1797,Yes,US-2015-BS11590140-42253,Eastern US
1798,Yes,CA-2015-BG11695140-42008,Eastern US
1799,Yes,CA-2017-BS11800140-42835,Eastern US
1800,Yes,US-2017-CC12370140-43057,Eastern US
1801,Yes,CA-2015-DH13075140-42083,Eastern US
1802,Yes,CA-2017-EB13705140-43052,Eastern US
1803,Yes,CA-2016-EB13750140-42686,Eastern US
1804,Yes,CA-2016-EH13765140-42493,Eastern US
1805,Yes,CA-2016-EH13765140-42674,Eastern US
1806,Yes,CA-2016-EH13765140-42493,Eastern US
1807,Yes,CA-2016-ES14020140-42533,Eastern US
1808,Yes,CA-2017-HR14830140-42819,Eastern US
1809,Yes,CA-2017-HG14845140-43018,Eastern US
1810,Yes,CA-2016-IM15070140-42545,Eastern US
1811,Yes,CA-2015-JM15535140-42111,Eastern US
1812,Yes,CA-2017-JS15685140-42906,Eastern US
1813,Yes,CA-2014-KL16645140-41861,Eastern US
1814,Yes,CA-2016-KM16720140-42480,Eastern US
1815,Yes,CA-2015-MS17980140-42079,Eastern US
1816,Yes,CA-2015-NP18325140-42225,Eastern US
1817,Yes,CA-2016-NC18340140-42699,Eastern US
1818,Yes,CA-2016-NM18520140-42522,Eastern US
1819,Yes,US-2014-PB19150140-41971,Eastern US
1820,Yes,US-2015-SG20605140-42344,Eastern US
1821,Yes,CA-2017-SP20620140-42986,Eastern US
1822,Yes,US-2016-SU20665140-42553,Eastern US
1823,Yes,CA-2014-TB21190140-41999,Eastern US
1824,Yes,CA-2015-VD21670140-42309,Eastern US
1825,Yes,CA-2016-WB21850140-42384,Eastern US
1826,Yes,CA-2017-DB13660140-43088,Eastern US
1827,Yes,CA-2017-HG15025140-43094,Eastern US
1828,Yes,CA-2015-MS17770140-42152,Eastern US
1829,Yes,CA-2016-TB21055140-42539,Eastern US
1830,Yes,CA-2016-TB21055140-42539,Eastern US
1831,Yes,CA-2014-AB10150140-41702,Eastern US
1832,Yes,CA-2017-DB13615140-43067,Southern US
1833,Yes,CA-2017-SC20380140-43070,Southern US
1834,Yes,CA-2016-ER13855140-42679,Southern US
1835,Yes,CA-2017-AA10480140-42841,Southern US
1836,Yes,US-2016-HA14920140-42592,Southern US
1837,Yes,CA-2016-NC18415140-42658,Southern US
1838,Yes,CA-2015-FA14230140-42187,Southern US
1839,Yes,CA-2016-SP20650140-42597,Eastern US
1840,Yes,CA-2017-AS10240140-42908,Eastern US
1841,Yes,CA-2016-BT11530140-42391,Eastern US
1842,Yes,CA-2017-LC17140140-42988,Eastern US
1843,Yes,CA-2015-SV20365140-42030,Eastern US
1844,Yes,CA-2014-BS11590140-41875,Eastern US
1845,Yes,CA-2014-EA14035140-41977,Eastern US
1846,Yes,CA-2014-EA14035140-41977,Eastern US
1847,Yes,CA-2015-IL15100140-42282,Eastern US
1848,Yes,CA-2014-JK15730140-41973,Eastern US
1849,Yes,US-2014-LB16795140-41751,Eastern US
1850,Yes,CA-2017-PJ19015140-42966,Eastern US
1851,Yes,CA-2016-SV20365140-42632,Eastern US
1852,Yes,CA-2017-SP20920140-42811,Eastern US
1853,Yes,US-2017-SV20935140-43095,Eastern US
1854,Yes,US-2014-SS20875140-41986,Eastern US
1855,Yes,CA-2014-EA14035140-41943,Eastern US
1856,Yes,CA-2014-GB14530140-41756,Eastern US
1857,Yes,CA-2017-KH16330140-42906,Eastern US
1858,Yes,US-2017-NG18355140-43052,Eastern US
1859,Yes,CA-2016-SP20920140-42687,Eastern US
1860,Yes,CA-2016-DE13255140-42380,Eastern US
1861,Yes,US-2016-JR16210140-42471,Eastern US
1862,Yes,CA-2014-SW20245140-41839,Eastern US
1863,Yes,CA-2015-MP18175140-42344,Eastern US
1864,Yes,US-2014-Co12640140-41809,Central US
1865,Yes,CA-2016-TB21280140-42455,Central US
1866,Yes,CA-2016-AW10930140-42693,Central US
1867,Yes,CA-2016-BS11365140-42542,Central US
1868,Yes,US-2017-RF19735140-42946,Central US
1869,Yes,US-2017-PS18970140-43031,Central US
1870,Yes,CA-2016-TP21565140-42679,Western US
1871,Yes,US-2016-DR12880140-42454,Western US
1872,Yes,US-2014-TB21595140-41949,Western US
1873,Yes,CA-2015-BM11785140-42083,Western US
1874,Yes,CA-2014-TB21250140-41980,Western US
1875,Yes,CA-2014-TB21250140-41980,Western US
1876,Yes,US-2016-ZC21910140-42450,Western US
1877,Yes,CA-2016-CJ12010140-42574,Eastern US
1878,Yes,US-2015-SM20320140-42237,Eastern US
1879,Yes,CA-2015-AH10195140-42068,Eastern US
1880,Yes,CA-2015-JO15550140-42138,Eastern US
1881,Yes,CA-2017-MH18115140-42805,Eastern US
1882,Yes,CA-2017-SC20440140-43035,Eastern US
1883,Yes,CA-2017-AG10495140-43022,Eastern US
1884,Yes,CA-2014-BS11590140-41654,Eastern US
1885,Yes,CA-2017-CB12025140-42986,Eastern US
1886,Yes,CA-2016-CG12040140-42542,Eastern US
1887,Yes,CA-2014-CA12775140-41817,Eastern US
1888,Yes,CA-2016-DS13180140-42703,Eastern US
1889,Yes,CA-2016-DK13225140-42615,Eastern US
1890,Yes,CA-2016-GD14590140-42625,Eastern US
1891,Yes,US-2016-JB16045140-42436,Eastern US
1892,Yes,CA-2017-KD16495140-42961,Eastern US
1893,Yes,CA-2014-LH16750140-41902,Eastern US
1894,Yes,CA-2014-LC17140140-41890,Eastern US
1895,Yes,CA-2014-PB19210140-41965,Eastern US
1896,Yes,CA-2014-SB20290140-41888,Eastern US
1897,Yes,US-2017-SP20620140-42988,Eastern US
1898,Yes,US-2016-SC20770140-42443,Eastern US
1899,Yes,US-2016-SC20770140-42443,Eastern US
1900,Yes,US-2015-SP20860140-42232,Eastern US
1901,Yes,CA-2016-TH21235140-42517,Eastern US
1902,Yes,CA-2016-VG21805140-42609,Eastern US
1903,Yes,CA-2014-AM10705140-41942,Eastern US
1904,Yes,CA-2017-CA12265140-43044,Southern US
1905,Yes,CA-2017-SJ20215140-42964,Southern US
1906,Yes,CA-2014-TS21505140-41992,Southern US
1907,Yes,CA-2017-DK12895140-42975,Southern US
1908,Yes,CA-2016-DM13015140-42619,Southern US
1909,Yes,CA-2014-DD13570140-42002,Southern US
1910,Yes,CA-2016-HF14995140-42492,Southern US
1911,Yes,US-2017-MY17380140-43064,Southern US
1912,Yes,CA-2015-MB17305140-42363,Southern US
1913,Yes,CA-2016-NM18520140-42376,Central US
1914,Yes,CA-2015-CB12025140-42240,Central US
1915,Yes,US-2016-AR10825140-42619,Central US
1916,Yes,CA-2017-RB19330140-43032,Central US
1917,Yes,US-2017-CM12160140-43007,Central US
1918,Yes,CA-2017-GA14725140-43095,Central US
1919,Yes,CA-2014-KM16375140-41839,Central US
1920,Yes,CA-2016-MC17845140-42682,Central US
1921,Yes,CA-2014-MN17935140-41687,Central US
1922,Yes,CA-2015-MS17980140-42043,Central US
1923,Yes,CA-2014-RD19930140-41914,Central US
1924,Yes,CA-2017-AG10330140-43092,Central US
1925,Yes,CA-2016-AW10930140-42534,Central US
1926,Yes,CA-2017-BB11545140-42994,Central US
1927,Yes,CA-2015-CM12715140-42064,Central US
1928,Yes,US-2014-DK12835140-41965,Central US
1929,Yes,CA-2015-DS13180140-42251,Central US
1930,Yes,US-2014-DA13450140-41753,Central US
1931,Yes,US-2016-EH13945140-42694,Central US
1932,Yes,CA-2016-IL15100140-42618,Central US
1933,Yes,CA-2015-MV17485140-42180,Central US
1934,Yes,CA-2016-RD19810140-42616,Central US
1935,Yes,CA-2014-EJ13720140-41988,Central US
1936,Yes,CA-2016-HA14920140-42657,Central US
1937,Yes,CA-2014-PV18985140-41831,Central US
1938,Yes,US-2015-MP17965140-42112,Central US
1939,Yes,US-2014-HG14965140-41907,Central US
1940,Yes,CA-2017-ML18040140-42891,Central US
1941,Yes,CA-2014-BM11140140-41889,Central US
1942,Yes,CA-2014-BM11140140-41889,Central US
1943,Yes,US-2016-CA12310140-42372,Central US
1944,Yes,CA-2017-SC20770140-43059,Central US
1945,Yes,CA-2017-GB14575140-43087,Southern US
1946,Yes,CA-2015-JK15205140-42274,Southern US
1947,Yes,CA-2015-KH16510140-42173,Southern US
1948,Yes,CA-2015-KH16510140-42173,Southern US
1949,Yes,CA-2017-SH20395140-42841,Southern US
1950,Yes,US-2014-CK12325140-41711,Southern US
1951,Yes,CA-2015-EG13900140-42310,Southern US
1952,Yes,CA-2016-BW11200140-42671,Southern US
1953,Yes,CA-2014-FH14275140-41932,Southern US
1954,Yes,CA-2015-DK12835140-42041,Southern US
1955,Yes,CA-2016-ML17755140-42587,Southern US
1956,Yes,CA-2014-MW18235140-41779,Southern US
1957,Yes,CA-2015-TT21220140-42307,Southern US
1958,Yes,CA-2016-SN20710140-42640,Western US
1959,Yes,CA-2016-BD11770140-42624,Western US
1960,Yes,CA-2014-AI10855140-41768,Western US
1961,Yes,CA-2017-JC15385140-42925,Western US
1962,Yes,CA-2016-AC10450140-42699,Western US
1963,Yes,CA-2017-DK12895140-42960,Western US
1964,Yes,CA-2017-DK13375140-42944,Western US
1965,Yes,CA-2014-Dl13600140-41727,Western US
1966,Yes,CA-2017-FG14260140-43011,Western US
1967,Yes,CA-2014-GH14425140-41806,Western US
1968,Yes,CA-2014-GM14680140-41861,Western US
1969,Yes,CA-2014-IG15085140-41929,Western US
1970,Yes,CA-2017-JK15625140-43039,Western US
1971,Yes,CA-2015-JL15850140-42153,Western US
1972,Yes,CA-2014-JH15985140-41859,Western US
1973,Yes,CA-2015-JH15985140-42353,Western US
1974,Yes,US-2014-KH16510140-41992,Western US
1975,Yes,CA-2015-LL16840140-42159,Western US
1976,Yes,CA-2014-MZ17515140-41953,Western US
1977,Yes,CA-2016-MS17770140-42606,Western US
1978,Yes,CA-2015-MH18025140-42210,Western US
1979,Yes,CA-2017-PB18805140-43075,Western US
1980,Yes,US-2016-RB19570140-42629,Western US
1981,Yes,CA-2015-SH19975140-42272,Western US
1982,Yes,CA-2016-SF20200140-42626,Western US
1983,Yes,CA-2015-TW21025140-42339,Western US
1984,Yes,CA-2015-TW21025140-42339,Western US
1985,Yes,US-2017-VM21685140-42811,Western US
1986,Yes,CA-2017-YS21880140-42966,Western US
1987,Yes,CA-2017-NF18385140-43021,Eastern US
1988,Yes,CA-2015-RE19450140-42365,Central US
1989,Yes,US-2016-JO15145140-42377,Central US
1990,Yes,CA-2016-JE16165140-42710,Central US
1991,Yes,CA-2016-SS20590140-42616,Central US
1992,Yes,CA-2015-IM15070140-42189,Central US
1993,Yes,US-2017-LS17200140-42948,Central US
1994,Yes,US-2016-MA17560140-42606,Central US
1995,Yes,MX-2017-JH15820141-43087,South America
1996,Yes,US-2017-AT10435143-43012,South America
1997,Yes,US-2015-TT21265143-42366,South America
1998,Yes,US-2017-JM15250143-43028,South America
1999,Yes,US-2017-SH20395143-42886,South America
2000,Yes,US-2014-MH17455143-41708,South America
2001,Yes,US-2015-Dp13240143-42111,South America
2002,Yes,US-2015-PO19195143-42082,South America
2003,Yes,MX-2017-LR17035143-42857,South America
2004,Yes,US-2014-TA21385143-41930,South America
2005,Yes,MX-2017-SS20140143-43014,South America
2006,Yes,ID-2017-MG17680144-42809,Southeastern Asia
2007,Yes,ID-2016-CM11830144-42497,Southeastern Asia
2008,Yes,ID-2017-NS18505144-42806,Southeastern Asia
2009,Yes,ID-2014-CM12115144-41999,Southeastern Asia
2010,Yes,ID-2016-KB16600144-42717,Southeastern Asia
2011,Yes,ID-2015-SC20680144-42072,Southeastern Asia
2012,Yes,IN-2017-MP18175144-43059,Southeastern Asia
2013,Yes,IN-2015-AS10225144-42206,Southeastern Asia
2014,Yes,IN-2017-SO20335144-42840,Southeastern Asia
2015,Yes,IN-2014-KL16645144-41972,Southeastern Asia
2016,Yes,IN-2015-AF10885144-42272,Southeastern Asia
2017,Yes,IN-2016-BN11515144-42685,Southeastern Asia
2018,Yes,YM-2017-MC7845145-43066,Western Asia
2019,Yes,ZA-2016-PV8985146-42391,Eastern Africa
2020,Yes,ZA-2016-AR345146-42397,Eastern Africa
2021,Yes,ZA-2015-AB15146-42100,Eastern Africa
2022,Yes,ZA-2015-BB1545146-42244,Eastern Africa
2023,Yes,ZA-2016-JK5730146-42617,Eastern Africa
2024,Yes,ZA-2016-TA11385146-42422,Eastern Africa
2025,Yes,ZA-2014-CS2460147-41770,Eastern Africa
2026,Yes,ZA-2017-BT1305147-43069,Eastern Africa
2027,Yes,ZA-2016-BD1500147-42581,Eastern Africa
2028,Yes,ZA-2017-BT1395147-43067,Eastern Africa
2029,Yes,ZA-2016-TH11235147-42444,Eastern Africa
2030,Yes,ZA-2015-DN3690147-42159,Eastern Africa
2031,Yes,ZA-2016-TH11235147-42444,Eastern Africa
2032,Yes,ZA-2015-LC6885147-42021,Eastern Africa
